id_chofer,nombre,fecha_ingreso
CH101,Roberto Fernandez,2023-07-26
CH102,Oscar Torres,2020-11-30
CH103,Oscar Torres,2021-12-29
CH104,Pedro Garcia,2023-10-05
CH105,Jesus Ramirez,2023-12-09
CH106,Raul Sanchez,2023-06-02
CH107,Martin Lopez,2022-12-30
CH108,Pedro Garcia,2020-12-01
CH109,Roberto Fernandez,2022-02-17
CH110,Jesus Ramirez,2025-03-11
CH111,Carlos Martinez,2021-03-26
CH112,Oscar Torres,2024-09-23
CH113,Juan Perez,2021-04-15
CH114,Juan Perez,2024-07-07
CH115,Oscar Torres,2022-04-02
CH116,Jesus Ramirez,2020-05-16
CH117,Pedro Garcia,2025-02-14
CH118,Hugo Gomez,2024-11-30
CH119,Oscar Torres,2021-03-12
CH120,Roberto Fernandez,2022-03-22
CH121,Roberto Fernandez,2020-10-20
CH122,Jesus Ramirez,2020-10-13
CH123,Pedro Garcia,2024-03-06
CH124,Carlos Martinez,2023-01-09
CH125,Jesus Ramirez,2024-03-10
