id_unidad,placa,serie,timestamp_mantenimiento
U001,PZ-2824,VOLVO-126225,2026-08-25 00:00:00
U002,NT-5012,VOLVO-334053,2026-08-06 00:00:00
U003,PZ-2679,VOLVO-809570,2026-08-25 00:00:00
U004,PZ-2424,VOLVO-719176,2026-08-15 00:00:00
U005,JV-1488,VOLVO-198246,2026-08-08 00:00:00
U006,JV-9279,VOLVO-731262,2026-08-02 00:00:00
U007,PZ-4257,VOLVO-850800,2026-08-22 00:00:00
U008,PZ-9928,VOLVO-539898,2026-08-09 00:00:00
U009,NT-5557,VOLVO-948749,2026-08-29 00:00:00
U010,JV-3615,VOLVO-832052,2026-08-15 00:00:00
U011,NT-5552,VOLVO-263032,2026-08-08 00:00:00
U012,NT-2674,VOLVO-197251,2026-08-14 00:00:00
U013,JV-6881,VOLVO-988662,2026-08-13 00:00:00
U014,PZ-5333,VOLVO-946335,2026-08-03 00:00:00
U015,PZ-8527,VOLVO-662275,2026-08-05 00:00:00
U016,NT-2291,VOLVO-678856,2026-08-11 00:00:00
U017,PZ-6925,VOLVO-705397,2026-08-08 00:00:00
U018,PZ-2139,VOLVO-148050,2026-08-23 00:00:00
U019,JV-5741,VOLVO-183667,2026-08-29 00:00:00
U020,JV-2654,VOLVO-498591,2026-08-10 00:00:00
