id_pasajero,id_paqueteria,id_unidad,id_viaje,fecha_partida,hora_partida,origen,destino
P00001,,U019,V-20260902-001,2026-09-02,16:15:00,Bucerías,Guadalajara
P00189,,U004,V-20260905-002,2026-09-05,10:45:00,Bucerías,Nuevo Vallarta
P00002,,U004,V-20260905-002,2026-09-05,10:45:00,Bucerías,Nuevo Vallarta
,PQ00127,U004,V-20260905-002,2026-09-05,10:45:00,Bucerías,Nuevo Vallarta
P00104,,U017,V-20260902-003,2026-09-02,22:00:00,Nuevo Vallarta,Bucerías
P00457,,U017,V-20260902-003,2026-09-02,22:00:00,Nuevo Vallarta,Bucerías
P00003,,U017,V-20260902-003,2026-09-02,22:00:00,Nuevo Vallarta,Bucerías
,PQ00122,U017,V-20260902-003,2026-09-02,22:00:00,Nuevo Vallarta,Bucerías
P00004,,U011,V-20260901-004,2026-09-01,14:45:00,Nuevo Vallarta,Zapopan
,PQ00048,U011,V-20260901-004,2026-09-01,14:45:00,Nuevo Vallarta,Zapopan
P00005,,U009,V-20260905-005,2026-09-05,10:00:00,Puerto Vallarta,Tepic
P00029,,U005,V-20260927-006,2026-09-27,10:00:00,Guadalajara,Nuevo Vallarta
P00006,,U005,V-20260927-006,2026-09-27,10:00:00,Guadalajara,Nuevo Vallarta
,PQ00196,U005,V-20260927-006,2026-09-27,10:00:00,Guadalajara,Nuevo Vallarta
P00248,,U010,V-20260929-007,2026-09-29,06:15:00,Nuevo Vallarta,Zapopan
P00360,,U010,V-20260929-007,2026-09-29,06:15:00,Nuevo Vallarta,Zapopan
P00007,,U010,V-20260929-007,2026-09-29,06:15:00,Nuevo Vallarta,Zapopan
P00323,,U003,V-20260905-008,2026-09-05,22:15:00,Guadalajara,Zapopan
P00008,,U003,V-20260905-008,2026-09-05,22:15:00,Guadalajara,Zapopan
P00009,,U017,V-20260913-009,2026-09-13,18:15:00,Zapopan,Puerto Vallarta
P00010,,U013,V-20260923-010,2026-09-23,16:45:00,Puerto Vallarta,Zapopan
P00285,,U013,V-20260923-010,2026-09-23,16:45:00,Puerto Vallarta,Zapopan
P00011,,U001,V-20260902-011,2026-09-02,22:15:00,Guadalajara,Zapopan
P00012,,U008,V-20260911-012,2026-09-11,06:30:00,Nuevo Vallarta,Zapopan
P00449,,U018,V-20260928-013,2026-09-28,20:15:00,Puerto Vallarta,Zapopan
P00013,,U018,V-20260928-013,2026-09-28,20:15:00,Puerto Vallarta,Zapopan
P00014,,U014,V-20260911-014,2026-09-11,18:45:00,Tepic,Zapopan
P00015,,U004,V-20260921-015,2026-09-21,17:30:00,Puerto Vallarta,Zapopan
P00016,,U014,V-20260906-016,2026-09-06,13:45:00,Nuevo Vallarta,Guadalajara
,PQ00197,U014,V-20260906-016,2026-09-06,13:45:00,Nuevo Vallarta,Guadalajara
P00072,,U018,V-20260923-017,2026-09-23,06:00:00,Tepic,Puerto Vallarta
P00017,,U018,V-20260923-017,2026-09-23,06:00:00,Tepic,Puerto Vallarta
,PQ00019,U018,V-20260923-017,2026-09-23,06:00:00,Tepic,Puerto Vallarta
P00018,,U016,V-20260925-018,2026-09-25,11:45:00,Guadalajara,Tepic
P00019,,U015,V-20260916-019,2026-09-16,18:45:00,Nuevo Vallarta,Guadalajara
P00098,,U018,V-20260904-020,2026-09-04,15:00:00,Puerto Vallarta,Bucerías
P00020,,U018,V-20260904-020,2026-09-04,15:00:00,Puerto Vallarta,Bucerías
P00351,,U006,V-20260909-021,2026-09-09,21:00:00,Tepic,Bucerías
P00021,,U006,V-20260909-021,2026-09-09,21:00:00,Tepic,Bucerías
,PQ00024,U006,V-20260909-021,2026-09-09,21:00:00,Tepic,Bucerías
P00022,,U013,V-20260916-022,2026-09-16,12:00:00,Bucerías,Puerto Vallarta
P00023,,U011,V-20260913-023,2026-09-13,11:30:00,Tepic,Guadalajara
,PQ00018,U011,V-20260913-023,2026-09-13,11:30:00,Tepic,Guadalajara
,PQ00157,U011,V-20260913-023,2026-09-13,11:30:00,Tepic,Guadalajara
P00494,,U015,V-20260903-024,2026-09-03,07:00:00,Guadalajara,Puerto Vallarta
P00431,,U015,V-20260903-024,2026-09-03,07:00:00,Guadalajara,Puerto Vallarta
P00024,,U015,V-20260903-024,2026-09-03,07:00:00,Guadalajara,Puerto Vallarta
P00025,,U018,V-20260911-025,2026-09-11,21:30:00,Zapopan,Nuevo Vallarta
P00026,,U012,V-20260910-026,2026-09-10,10:45:00,Tepic,Nuevo Vallarta
P00320,,U012,V-20260910-026,2026-09-10,10:45:00,Tepic,Nuevo Vallarta
P00027,,U017,V-20260905-027,2026-09-05,22:30:00,Tepic,Guadalajara
P00028,,U004,V-20260922-028,2026-09-22,22:15:00,Puerto Vallarta,Bucerías
,PQ00043,U004,V-20260922-028,2026-09-22,22:15:00,Puerto Vallarta,Bucerías
P00030,,U009,V-20260920-029,2026-09-20,20:30:00,Puerto Vallarta,Zapopan
P00483,,U009,V-20260920-029,2026-09-20,20:30:00,Puerto Vallarta,Zapopan
P00031,,U001,V-20260913-030,2026-09-13,09:30:00,Guadalajara,Nuevo Vallarta
,PQ00002,U001,V-20260913-030,2026-09-13,09:30:00,Guadalajara,Nuevo Vallarta
P00452,,U001,V-20260903-031,2026-09-03,07:15:00,Zapopan,Puerto Vallarta
P00032,,U001,V-20260903-031,2026-09-03,07:15:00,Zapopan,Puerto Vallarta
P00033,,U014,V-20260925-032,2026-09-25,06:30:00,Nuevo Vallarta,Tepic
P00246,,U014,V-20260925-032,2026-09-25,06:30:00,Nuevo Vallarta,Tepic
P00035,,U012,V-20260904-033,2026-09-04,12:00:00,Guadalajara,Bucerías
P00034,,U012,V-20260904-033,2026-09-04,12:00:00,Guadalajara,Bucerías
P00036,,U020,V-20260912-034,2026-09-12,09:15:00,Puerto Vallarta,Tepic
P00122,,U020,V-20260912-034,2026-09-12,09:15:00,Puerto Vallarta,Tepic
P00302,,U020,V-20260912-034,2026-09-12,09:15:00,Puerto Vallarta,Tepic
P00091,,U020,V-20260912-034,2026-09-12,09:15:00,Puerto Vallarta,Tepic
P00037,,U001,V-20260923-035,2026-09-23,15:45:00,Guadalajara,Puerto Vallarta
P00281,,U001,V-20260923-035,2026-09-23,15:45:00,Guadalajara,Puerto Vallarta
P00311,,U002,V-20260904-036,2026-09-04,12:15:00,Puerto Vallarta,Tepic
P00429,,U002,V-20260904-036,2026-09-04,12:15:00,Puerto Vallarta,Tepic
P00038,,U002,V-20260904-036,2026-09-04,12:15:00,Puerto Vallarta,Tepic
P00039,,U008,V-20260926-037,2026-09-26,11:45:00,Bucerías,Zapopan
P00485,,U008,V-20260926-037,2026-09-26,11:45:00,Bucerías,Zapopan
,PQ00001,U008,V-20260926-037,2026-09-26,11:45:00,Bucerías,Zapopan
P00040,,U012,V-20260906-038,2026-09-06,21:45:00,Puerto Vallarta,Tepic
P00077,,U012,V-20260906-038,2026-09-06,21:45:00,Puerto Vallarta,Tepic
P00041,,U009,V-20260910-039,2026-09-10,13:00:00,Puerto Vallarta,Tepic
P00042,,U014,V-20260921-040,2026-09-21,21:00:00,Guadalajara,Puerto Vallarta
P00242,,U014,V-20260921-040,2026-09-21,21:00:00,Guadalajara,Puerto Vallarta
P00043,,U014,V-20260908-041,2026-09-08,21:15:00,Bucerías,Zapopan
P00044,,U020,V-20260927-042,2026-09-27,08:30:00,Bucerías,Puerto Vallarta
P00045,,U010,V-20260918-043,2026-09-18,09:15:00,Guadalajara,Tepic
P00046,,U006,V-20260920-044,2026-09-20,14:45:00,Zapopan,Bucerías
P00047,,U019,V-20260902-045,2026-09-02,15:45:00,Puerto Vallarta,Nuevo Vallarta
P00048,,U006,V-20260919-046,2026-09-19,07:30:00,Bucerías,Guadalajara
P00049,,U008,V-20260915-047,2026-09-15,14:15:00,Tepic,Zapopan
,PQ00084,U008,V-20260915-047,2026-09-15,14:15:00,Tepic,Zapopan
P00319,,U020,V-20260914-048,2026-09-14,07:45:00,Zapopan,Guadalajara
P00050,,U020,V-20260914-048,2026-09-14,07:45:00,Zapopan,Guadalajara
P00051,,U013,V-20260909-049,2026-09-09,17:15:00,Guadalajara,Tepic
P00387,,U013,V-20260909-049,2026-09-09,17:15:00,Guadalajara,Tepic
,PQ00152,U013,V-20260909-049,2026-09-09,17:15:00,Guadalajara,Tepic
P00107,,U004,V-20260925-050,2026-09-25,18:15:00,Zapopan,Nuevo Vallarta
P00462,,U004,V-20260925-050,2026-09-25,18:15:00,Zapopan,Nuevo Vallarta
P00052,,U004,V-20260925-050,2026-09-25,18:15:00,Zapopan,Nuevo Vallarta
P00053,,U018,V-20260926-051,2026-09-26,08:45:00,Tepic,Guadalajara
,PQ00171,U018,V-20260926-051,2026-09-26,08:45:00,Tepic,Guadalajara
P00133,,U020,V-20260916-052,2026-09-16,19:45:00,Guadalajara,Tepic
P00054,,U020,V-20260916-052,2026-09-16,19:45:00,Guadalajara,Tepic
,PQ00200,U020,V-20260916-052,2026-09-16,19:45:00,Guadalajara,Tepic
P00327,,U015,V-20260915-053,2026-09-15,12:30:00,Zapopan,Nuevo Vallarta
P00055,,U015,V-20260915-053,2026-09-15,12:30:00,Zapopan,Nuevo Vallarta
P00056,,U010,V-20260928-054,2026-09-28,13:30:00,Puerto Vallarta,Bucerías
P00170,,U010,V-20260928-054,2026-09-28,13:30:00,Puerto Vallarta,Bucerías
P00296,,U010,V-20260928-054,2026-09-28,13:30:00,Puerto Vallarta,Bucerías
P00057,,U013,V-20260916-055,2026-09-16,09:15:00,Tepic,Bucerías
P00058,,U002,V-20260905-056,2026-09-05,18:45:00,Bucerías,Puerto Vallarta
P00059,,U019,V-20260911-057,2026-09-11,20:00:00,Puerto Vallarta,Tepic
P00472,,U019,V-20260911-057,2026-09-11,20:00:00,Puerto Vallarta,Tepic
,PQ00163,U019,V-20260911-057,2026-09-11,20:00:00,Puerto Vallarta,Tepic
P00060,,U014,V-20260904-058,2026-09-04,22:15:00,Tepic,Bucerías
P00061,,U011,V-20260920-059,2026-09-20,17:15:00,Tepic,Nuevo Vallarta
P00062,,U013,V-20260911-060,2026-09-11,05:00:00,Guadalajara,Nuevo Vallarta
P00063,,U009,V-20260907-061,2026-09-07,15:15:00,Guadalajara,Nuevo Vallarta
P00064,,U014,V-20260925-062,2026-09-25,07:45:00,Tepic,Bucerías
P00353,,U014,V-20260925-062,2026-09-25,07:45:00,Tepic,Bucerías
P00065,,U008,V-20260926-063,2026-09-26,07:00:00,Puerto Vallarta,Tepic
P00230,,U008,V-20260926-063,2026-09-26,07:00:00,Puerto Vallarta,Tepic
P00066,,U005,V-20260914-064,2026-09-14,09:45:00,Zapopan,Puerto Vallarta
P00067,,U012,V-20260911-065,2026-09-11,08:15:00,Tepic,Puerto Vallarta
P00068,,U013,V-20260919-066,2026-09-19,11:00:00,Puerto Vallarta,Nuevo Vallarta
,PQ00175,U013,V-20260919-066,2026-09-19,11:00:00,Puerto Vallarta,Nuevo Vallarta
P00069,,U010,V-20260919-067,2026-09-19,08:00:00,Zapopan,Tepic
P00073,,U010,V-20260919-067,2026-09-19,08:00:00,Zapopan,Tepic
P00156,,U010,V-20260919-067,2026-09-19,08:00:00,Zapopan,Tepic
P00070,,U011,V-20260924-068,2026-09-24,18:45:00,Zapopan,Nuevo Vallarta
P00071,,U015,V-20260926-069,2026-09-26,09:45:00,Tepic,Puerto Vallarta
P00194,,U015,V-20260926-069,2026-09-26,09:45:00,Tepic,Puerto Vallarta
P00348,,U018,V-20260917-070,2026-09-17,20:45:00,Nuevo Vallarta,Guadalajara
P00074,,U018,V-20260917-070,2026-09-17,20:45:00,Nuevo Vallarta,Guadalajara
P00487,,U008,V-20260901-071,2026-09-01,13:45:00,Puerto Vallarta,Zapopan
P00075,,U008,V-20260901-071,2026-09-01,13:45:00,Puerto Vallarta,Zapopan
P00301,,U008,V-20260901-071,2026-09-01,13:45:00,Puerto Vallarta,Zapopan
P00076,,U011,V-20260923-072,2026-09-23,20:30:00,Nuevo Vallarta,Puerto Vallarta
P00078,,U009,V-20260904-073,2026-09-04,13:00:00,Bucerías,Puerto Vallarta
P00272,,U009,V-20260904-073,2026-09-04,13:00:00,Bucerías,Puerto Vallarta
P00476,,U009,V-20260904-073,2026-09-04,13:00:00,Bucerías,Puerto Vallarta
P00079,,U016,V-20260906-074,2026-09-06,12:45:00,Zapopan,Bucerías
P00080,,U010,V-20260917-075,2026-09-17,17:15:00,Guadalajara,Bucerías
P00081,,U012,V-20260908-076,2026-09-08,22:30:00,Bucerías,Tepic
,PQ00003,U012,V-20260908-076,2026-09-08,22:30:00,Bucerías,Tepic
P00181,,U004,V-20260923-077,2026-09-23,11:30:00,Nuevo Vallarta,Tepic
P00195,,U004,V-20260923-077,2026-09-23,11:30:00,Nuevo Vallarta,Tepic
P00082,,U004,V-20260923-077,2026-09-23,11:30:00,Nuevo Vallarta,Tepic
P00083,,U007,V-20260922-078,2026-09-22,20:30:00,Guadalajara,Tepic
P00084,,U004,V-20260909-079,2026-09-09,14:15:00,Tepic,Zapopan
P00085,,U009,V-20260927-080,2026-09-27,06:30:00,Nuevo Vallarta,Zapopan
,PQ00154,U009,V-20260927-080,2026-09-27,06:30:00,Nuevo Vallarta,Zapopan
P00086,,U001,V-20260912-081,2026-09-12,14:45:00,Tepic,Bucerías
P00087,,U016,V-20260911-082,2026-09-11,07:45:00,Guadalajara,Tepic
P00363,,U005,V-20260921-083,2026-09-21,14:00:00,Nuevo Vallarta,Zapopan
P00088,,U005,V-20260921-083,2026-09-21,14:00:00,Nuevo Vallarta,Zapopan
P00207,,U020,V-20260906-084,2026-09-06,21:45:00,Zapopan,Puerto Vallarta
P00089,,U020,V-20260906-084,2026-09-06,21:45:00,Zapopan,Puerto Vallarta
,PQ00079,U020,V-20260906-084,2026-09-06,21:45:00,Zapopan,Puerto Vallarta
P00090,,U014,V-20260914-085,2026-09-14,06:00:00,Bucerías,Tepic
P00092,,U008,V-20260915-086,2026-09-15,22:00:00,Guadalajara,Bucerías
,PQ00011,U008,V-20260915-086,2026-09-15,22:00:00,Guadalajara,Bucerías
,PQ00153,U008,V-20260915-086,2026-09-15,22:00:00,Guadalajara,Bucerías
P00093,,U010,V-20260923-087,2026-09-23,12:30:00,Nuevo Vallarta,Zapopan
P00152,,U009,V-20260904-088,2026-09-04,11:45:00,Tepic,Guadalajara
P00094,,U009,V-20260904-088,2026-09-04,11:45:00,Tepic,Guadalajara
P00119,,U005,V-20260905-089,2026-09-05,06:15:00,Nuevo Vallarta,Zapopan
P00136,,U005,V-20260905-089,2026-09-05,06:15:00,Nuevo Vallarta,Zapopan
P00095,,U005,V-20260905-089,2026-09-05,06:15:00,Nuevo Vallarta,Zapopan
P00096,,U015,V-20260922-090,2026-09-22,19:30:00,Tepic,Nuevo Vallarta
,PQ00088,U015,V-20260922-090,2026-09-22,19:30:00,Tepic,Nuevo Vallarta
P00097,,U003,V-20260911-091,2026-09-11,06:45:00,Bucerías,Guadalajara
,PQ00195,U003,V-20260911-091,2026-09-11,06:45:00,Bucerías,Guadalajara
P00099,,U019,V-20260914-092,2026-09-14,05:30:00,Puerto Vallarta,Tepic
,PQ00006,U019,V-20260914-092,2026-09-14,05:30:00,Puerto Vallarta,Tepic
P00100,,U015,V-20260910-093,2026-09-10,10:45:00,Bucerías,Nuevo Vallarta
P00383,,U014,V-20260903-094,2026-09-03,15:00:00,Puerto Vallarta,Guadalajara
P00101,,U014,V-20260903-094,2026-09-03,15:00:00,Puerto Vallarta,Guadalajara
P00102,,U013,V-20260920-095,2026-09-20,22:00:00,Tepic,Zapopan
P00405,,U013,V-20260920-095,2026-09-20,22:00:00,Tepic,Zapopan
,PQ00148,U013,V-20260920-095,2026-09-20,22:00:00,Tepic,Zapopan
P00103,,U013,V-20260916-096,2026-09-16,05:45:00,Guadalajara,Nuevo Vallarta
P00105,,U016,V-20260926-097,2026-09-26,19:00:00,Puerto Vallarta,Nuevo Vallarta
P00106,,U016,V-20260923-098,2026-09-23,05:15:00,Tepic,Guadalajara
P00108,,U008,V-20260916-099,2026-09-16,19:00:00,Zapopan,Tepic
P00396,,U008,V-20260916-099,2026-09-16,19:00:00,Zapopan,Tepic
P00109,,U017,V-20260918-100,2026-09-18,13:45:00,Puerto Vallarta,Bucerías
P00110,,U013,V-20260914-101,2026-09-14,21:15:00,Nuevo Vallarta,Puerto Vallarta
P00398,,U017,V-20260908-102,2026-09-08,05:30:00,Nuevo Vallarta,Puerto Vallarta
P00385,,U017,V-20260908-102,2026-09-08,05:30:00,Nuevo Vallarta,Puerto Vallarta
P00111,,U017,V-20260908-102,2026-09-08,05:30:00,Nuevo Vallarta,Puerto Vallarta
,PQ00078,U017,V-20260908-102,2026-09-08,05:30:00,Nuevo Vallarta,Puerto Vallarta
P00112,,U005,V-20260906-103,2026-09-06,22:45:00,Guadalajara,Nuevo Vallarta
P00439,,U005,V-20260906-103,2026-09-06,22:45:00,Guadalajara,Nuevo Vallarta
P00358,,U005,V-20260906-103,2026-09-06,22:45:00,Guadalajara,Nuevo Vallarta
,PQ00185,U005,V-20260906-103,2026-09-06,22:45:00,Guadalajara,Nuevo Vallarta
P00113,,U011,V-20260912-104,2026-09-12,12:45:00,Tepic,Nuevo Vallarta
P00114,,U016,V-20260904-105,2026-09-04,17:45:00,Nuevo Vallarta,Puerto Vallarta
P00456,,U016,V-20260904-105,2026-09-04,17:45:00,Nuevo Vallarta,Puerto Vallarta
P00115,,U002,V-20260929-106,2026-09-29,21:30:00,Zapopan,Tepic
,PQ00103,U002,V-20260929-106,2026-09-29,21:30:00,Zapopan,Tepic
P00116,,U015,V-20260927-107,2026-09-27,09:45:00,Zapopan,Tepic
P00117,,U009,V-20260928-108,2026-09-28,17:00:00,Bucerías,Puerto Vallarta
P00282,,U011,V-20260919-109,2026-09-19,20:00:00,Bucerías,Tepic
P00118,,U011,V-20260919-109,2026-09-19,20:00:00,Bucerías,Tepic
,PQ00155,U011,V-20260919-109,2026-09-19,20:00:00,Bucerías,Tepic
P00120,,U008,V-20260908-110,2026-09-08,07:45:00,Puerto Vallarta,Nuevo Vallarta
P00274,,U008,V-20260908-110,2026-09-08,07:45:00,Puerto Vallarta,Nuevo Vallarta
P00329,,U006,V-20260919-111,2026-09-19,14:00:00,Zapopan,Bucerías
P00121,,U006,V-20260919-111,2026-09-19,14:00:00,Zapopan,Bucerías
,PQ00026,U006,V-20260919-111,2026-09-19,14:00:00,Zapopan,Bucerías
P00123,,U014,V-20260902-112,2026-09-02,12:45:00,Bucerías,Zapopan
P00265,,U014,V-20260902-112,2026-09-02,12:45:00,Bucerías,Zapopan
P00129,,U014,V-20260902-112,2026-09-02,12:45:00,Bucerías,Zapopan
P00124,,U020,V-20260926-113,2026-09-26,12:45:00,Puerto Vallarta,Zapopan
P00125,,U009,V-20260912-114,2026-09-12,05:45:00,Nuevo Vallarta,Tepic
,PQ00040,U009,V-20260912-114,2026-09-12,05:45:00,Nuevo Vallarta,Tepic
P00126,,U012,V-20260901-115,2026-09-01,14:45:00,Tepic,Zapopan
P00127,,U016,V-20260915-116,2026-09-15,12:45:00,Zapopan,Bucerías
P00128,,U001,V-20260924-117,2026-09-24,17:30:00,Puerto Vallarta,Nuevo Vallarta
P00400,,U001,V-20260924-117,2026-09-24,17:30:00,Puerto Vallarta,Nuevo Vallarta
P00130,,U002,V-20260925-118,2026-09-25,20:30:00,Bucerías,Guadalajara
P00415,,U020,V-20260913-119,2026-09-13,09:00:00,Puerto Vallarta,Bucerías
P00131,,U020,V-20260913-119,2026-09-13,09:00:00,Puerto Vallarta,Bucerías
P00132,,U019,V-20260915-120,2026-09-15,09:00:00,Bucerías,Guadalajara
P00379,,U019,V-20260915-120,2026-09-15,09:00:00,Bucerías,Guadalajara
P00134,,U018,V-20260925-121,2026-09-25,21:30:00,Zapopan,Bucerías
P00135,,U010,V-20260923-122,2026-09-23,15:00:00,Zapopan,Guadalajara
P00420,,U013,V-20260929-123,2026-09-29,16:00:00,Bucerías,Zapopan
P00137,,U013,V-20260929-123,2026-09-29,16:00:00,Bucerías,Zapopan
,PQ00044,U013,V-20260929-123,2026-09-29,16:00:00,Bucerías,Zapopan
P00138,,U009,V-20260916-124,2026-09-16,17:30:00,Nuevo Vallarta,Bucerías
P00178,,U009,V-20260916-124,2026-09-16,17:30:00,Nuevo Vallarta,Bucerías
P00473,,U018,V-20260906-125,2026-09-06,12:00:00,Zapopan,Nuevo Vallarta
P00338,,U018,V-20260906-125,2026-09-06,12:00:00,Zapopan,Nuevo Vallarta
P00139,,U018,V-20260906-125,2026-09-06,12:00:00,Zapopan,Nuevo Vallarta
,PQ00058,U018,V-20260906-125,2026-09-06,12:00:00,Zapopan,Nuevo Vallarta
P00196,,U014,V-20260907-126,2026-09-07,09:00:00,Puerto Vallarta,Bucerías
P00140,,U014,V-20260907-126,2026-09-07,09:00:00,Puerto Vallarta,Bucerías
P00488,,U018,V-20260921-127,2026-09-21,17:45:00,Bucerías,Puerto Vallarta
P00141,,U018,V-20260921-127,2026-09-21,17:45:00,Bucerías,Puerto Vallarta
P00335,,U018,V-20260921-127,2026-09-21,17:45:00,Bucerías,Puerto Vallarta
P00371,,U018,V-20260921-127,2026-09-21,17:45:00,Bucerías,Puerto Vallarta
,PQ00063,U018,V-20260921-127,2026-09-21,17:45:00,Bucerías,Puerto Vallarta
P00142,,U014,V-20260918-128,2026-09-18,09:45:00,Zapopan,Guadalajara
P00143,,U009,V-20260927-129,2026-09-27,16:15:00,Bucerías,Zapopan
,PQ00042,U009,V-20260927-129,2026-09-27,16:15:00,Bucerías,Zapopan
P00144,,U012,V-20260905-130,2026-09-05,16:00:00,Guadalajara,Nuevo Vallarta
P00157,,U012,V-20260905-130,2026-09-05,16:00:00,Guadalajara,Nuevo Vallarta
P00145,,U015,V-20260907-131,2026-09-07,11:00:00,Zapopan,Puerto Vallarta
P00146,,U019,V-20260908-132,2026-09-08,07:15:00,Puerto Vallarta,Tepic
P00391,,U019,V-20260908-132,2026-09-08,07:15:00,Puerto Vallarta,Tepic
P00147,,U005,V-20260909-133,2026-09-09,05:30:00,Nuevo Vallarta,Zapopan
P00481,,U005,V-20260909-133,2026-09-09,05:30:00,Nuevo Vallarta,Zapopan
P00208,,U005,V-20260909-133,2026-09-09,05:30:00,Nuevo Vallarta,Zapopan
P00148,,U004,V-20260916-134,2026-09-16,05:15:00,Puerto Vallarta,Bucerías
P00149,,U001,V-20260904-135,2026-09-04,13:00:00,Nuevo Vallarta,Guadalajara
P00150,,U016,V-20260903-136,2026-09-03,16:00:00,Puerto Vallarta,Bucerías
P00151,,U017,V-20260924-137,2026-09-24,19:00:00,Guadalajara,Puerto Vallarta
,PQ00123,U017,V-20260924-137,2026-09-24,19:00:00,Guadalajara,Puerto Vallarta
P00153,,U004,V-20260927-138,2026-09-27,19:00:00,Bucerías,Nuevo Vallarta
P00154,,U020,V-20260905-139,2026-09-05,22:30:00,Nuevo Vallarta,Tepic
P00155,,U020,V-20260917-140,2026-09-17,08:00:00,Puerto Vallarta,Nuevo Vallarta
,PQ00013,U020,V-20260917-140,2026-09-17,08:00:00,Puerto Vallarta,Nuevo Vallarta
P00158,,U007,V-20260917-141,2026-09-17,19:15:00,Nuevo Vallarta,Bucerías
P00482,,U007,V-20260917-141,2026-09-17,19:15:00,Nuevo Vallarta,Bucerías
P00232,,U007,V-20260917-141,2026-09-17,19:15:00,Nuevo Vallarta,Bucerías
,PQ00150,U007,V-20260917-141,2026-09-17,19:15:00,Nuevo Vallarta,Bucerías
P00159,,U004,V-20260914-142,2026-09-14,18:30:00,Bucerías,Guadalajara
P00160,,U016,V-20260906-143,2026-09-06,07:00:00,Tepic,Puerto Vallarta
P00161,,U005,V-20260928-144,2026-09-28,06:30:00,Tepic,Bucerías
,PQ00115,U005,V-20260928-144,2026-09-28,06:30:00,Tepic,Bucerías
,PQ00190,U005,V-20260928-144,2026-09-28,06:30:00,Tepic,Bucerías
P00162,,U014,V-20260917-145,2026-09-17,06:30:00,Zapopan,Tepic
P00163,,U005,V-20260905-146,2026-09-05,20:15:00,Bucerías,Guadalajara
P00447,,U005,V-20260905-146,2026-09-05,20:15:00,Bucerías,Guadalajara
P00442,,U005,V-20260905-146,2026-09-05,20:15:00,Bucerías,Guadalajara
P00263,,U009,V-20260916-147,2026-09-16,12:45:00,Puerto Vallarta,Tepic
P00164,,U009,V-20260916-147,2026-09-16,12:45:00,Puerto Vallarta,Tepic
P00236,,U009,V-20260916-147,2026-09-16,12:45:00,Puerto Vallarta,Tepic
P00165,,U018,V-20260903-148,2026-09-03,13:00:00,Puerto Vallarta,Zapopan
P00496,,U012,V-20260914-149,2026-09-14,10:15:00,Tepic,Nuevo Vallarta
P00166,,U012,V-20260914-149,2026-09-14,10:15:00,Tepic,Nuevo Vallarta
P00167,,U001,V-20260924-150,2026-09-24,21:15:00,Bucerías,Nuevo Vallarta
P00314,,U001,V-20260924-150,2026-09-24,21:15:00,Bucerías,Nuevo Vallarta
P00168,,U011,V-20260901-151,2026-09-01,07:00:00,Nuevo Vallarta,Guadalajara
,PQ00004,U011,V-20260901-151,2026-09-01,07:00:00,Nuevo Vallarta,Guadalajara
P00169,,U009,V-20260925-152,2026-09-25,18:45:00,Guadalajara,Puerto Vallarta
P00171,,U004,V-20260901-153,2026-09-01,18:00:00,Guadalajara,Nuevo Vallarta
,PQ00165,U004,V-20260901-153,2026-09-01,18:00:00,Guadalajara,Nuevo Vallarta
P00172,,U010,V-20260915-154,2026-09-15,12:45:00,Bucerías,Tepic
P00173,,U005,V-20260918-155,2026-09-18,13:30:00,Nuevo Vallarta,Tepic
,PQ00106,U005,V-20260918-155,2026-09-18,13:30:00,Nuevo Vallarta,Tepic
P00174,,U005,V-20260920-156,2026-09-20,22:15:00,Nuevo Vallarta,Guadalajara
P00175,,U013,V-20260925-157,2026-09-25,06:45:00,Puerto Vallarta,Guadalajara
P00176,,U014,V-20260908-158,2026-09-08,17:45:00,Zapopan,Tepic
,PQ00037,U014,V-20260908-158,2026-09-08,17:45:00,Zapopan,Tepic
P00177,,U020,V-20260909-159,2026-09-09,16:00:00,Puerto Vallarta,Guadalajara
P00179,,U017,V-20260914-160,2026-09-14,17:30:00,Tepic,Zapopan
P00180,,U004,V-20260903-161,2026-09-03,21:15:00,Tepic,Guadalajara
P00182,,U005,V-20260916-162,2026-09-16,08:15:00,Nuevo Vallarta,Puerto Vallarta
P00183,,U003,V-20260925-163,2026-09-25,20:45:00,Zapopan,Guadalajara
P00308,,U003,V-20260925-163,2026-09-25,20:45:00,Zapopan,Guadalajara
P00191,,U003,V-20260925-163,2026-09-25,20:45:00,Zapopan,Guadalajara
,PQ00009,U003,V-20260925-163,2026-09-25,20:45:00,Zapopan,Guadalajara
P00184,,U019,V-20260908-164,2026-09-08,15:30:00,Nuevo Vallarta,Bucerías
,PQ00098,U019,V-20260908-164,2026-09-08,15:30:00,Nuevo Vallarta,Bucerías
P00185,,U009,V-20260903-165,2026-09-03,06:30:00,Bucerías,Nuevo Vallarta
,PQ00143,U009,V-20260903-165,2026-09-03,06:30:00,Bucerías,Nuevo Vallarta
P00186,,U012,V-20260914-166,2026-09-14,07:00:00,Nuevo Vallarta,Tepic
P00187,,U002,V-20260917-167,2026-09-17,11:30:00,Nuevo Vallarta,Puerto Vallarta
P00188,,U004,V-20260916-168,2026-09-16,07:15:00,Bucerías,Guadalajara
P00190,,U017,V-20260911-169,2026-09-11,10:30:00,Zapopan,Puerto Vallarta
,PQ00086,U017,V-20260911-169,2026-09-11,10:30:00,Zapopan,Puerto Vallarta
P00192,,U020,V-20260929-170,2026-09-29,15:00:00,Nuevo Vallarta,Puerto Vallarta
,PQ00186,U020,V-20260929-170,2026-09-29,15:00:00,Nuevo Vallarta,Puerto Vallarta
P00193,,U020,V-20260918-171,2026-09-18,15:00:00,Guadalajara,Nuevo Vallarta
P00197,,U013,V-20260926-172,2026-09-26,07:30:00,Nuevo Vallarta,Guadalajara
P00198,,U017,V-20260922-173,2026-09-22,18:30:00,Nuevo Vallarta,Puerto Vallarta
P00345,,U017,V-20260922-173,2026-09-22,18:30:00,Nuevo Vallarta,Puerto Vallarta
P00199,,U016,V-20260919-174,2026-09-19,12:15:00,Tepic,Bucerías
P00200,,U018,V-20260908-175,2026-09-08,21:00:00,Guadalajara,Tepic
P00201,,U013,V-20260901-176,2026-09-01,10:15:00,Tepic,Nuevo Vallarta
P00202,,U014,V-20260926-177,2026-09-26,12:45:00,Bucerías,Nuevo Vallarta
,PQ00180,U014,V-20260926-177,2026-09-26,12:45:00,Bucerías,Nuevo Vallarta
P00203,,U018,V-20260923-178,2026-09-23,14:45:00,Puerto Vallarta,Nuevo Vallarta
P00204,,U015,V-20260907-179,2026-09-07,14:45:00,Nuevo Vallarta,Puerto Vallarta
P00205,,U020,V-20260905-180,2026-09-05,13:00:00,Tepic,Puerto Vallarta
P00206,,U017,V-20260919-181,2026-09-19,14:00:00,Tepic,Guadalajara
P00209,,U014,V-20260923-182,2026-09-23,12:45:00,Puerto Vallarta,Guadalajara
P00210,,U012,V-20260926-183,2026-09-26,17:00:00,Zapopan,Tepic
P00211,,U011,V-20260918-184,2026-09-18,09:00:00,Puerto Vallarta,Tepic
P00218,,U011,V-20260918-184,2026-09-18,09:00:00,Puerto Vallarta,Tepic
,PQ00187,U011,V-20260918-184,2026-09-18,09:00:00,Puerto Vallarta,Tepic
P00212,,U016,V-20260920-185,2026-09-20,05:00:00,Zapopan,Nuevo Vallarta
P00213,,U020,V-20260926-186,2026-09-26,18:00:00,Tepic,Zapopan
P00214,,U020,V-20260915-187,2026-09-15,07:00:00,Puerto Vallarta,Bucerías
P00355,,U020,V-20260915-187,2026-09-15,07:00:00,Puerto Vallarta,Bucerías
P00359,,U008,V-20260909-188,2026-09-09,09:30:00,Nuevo Vallarta,Tepic
P00215,,U008,V-20260909-188,2026-09-09,09:30:00,Nuevo Vallarta,Tepic
P00251,,U008,V-20260909-188,2026-09-09,09:30:00,Nuevo Vallarta,Tepic
P00440,,U008,V-20260909-188,2026-09-09,09:30:00,Nuevo Vallarta,Tepic
P00216,,U006,V-20260922-189,2026-09-22,07:30:00,Zapopan,Bucerías
P00217,,U017,V-20260902-190,2026-09-02,05:45:00,Bucerías,Puerto Vallarta
P00252,,U017,V-20260902-190,2026-09-02,05:45:00,Bucerías,Puerto Vallarta
P00468,,U017,V-20260902-190,2026-09-02,05:45:00,Bucerías,Puerto Vallarta
P00219,,U001,V-20260922-191,2026-09-22,07:30:00,Zapopan,Tepic
P00220,,U011,V-20260913-192,2026-09-13,06:30:00,Bucerías,Zapopan
P00221,,U015,V-20260913-193,2026-09-13,20:15:00,Nuevo Vallarta,Guadalajara
,PQ00159,U015,V-20260913-193,2026-09-13,20:15:00,Nuevo Vallarta,Guadalajara
P00222,,U010,V-20260910-194,2026-09-10,06:15:00,Zapopan,Nuevo Vallarta
P00223,,U018,V-20260916-195,2026-09-16,13:00:00,Tepic,Guadalajara
P00224,,U011,V-20260918-196,2026-09-18,08:30:00,Puerto Vallarta,Zapopan
P00225,,U013,V-20260918-197,2026-09-18,10:45:00,Tepic,Guadalajara
P00226,,U003,V-20260916-198,2026-09-16,18:00:00,Guadalajara,Puerto Vallarta
P00499,,U011,V-20260907-199,2026-09-07,07:30:00,Nuevo Vallarta,Guadalajara
P00227,,U011,V-20260907-199,2026-09-07,07:30:00,Nuevo Vallarta,Guadalajara
P00349,,U011,V-20260907-199,2026-09-07,07:30:00,Nuevo Vallarta,Guadalajara
P00228,,U006,V-20260927-200,2026-09-27,19:30:00,Zapopan,Puerto Vallarta
,PQ00038,U006,V-20260927-200,2026-09-27,19:30:00,Zapopan,Puerto Vallarta
,PQ00090,U006,V-20260927-200,2026-09-27,19:30:00,Zapopan,Puerto Vallarta
P00229,,U014,V-20260926-201,2026-09-26,06:00:00,Guadalajara,Puerto Vallarta
P00307,,U014,V-20260926-201,2026-09-26,06:00:00,Guadalajara,Puerto Vallarta
P00388,,U006,V-20260926-202,2026-09-26,09:45:00,Zapopan,Bucerías
P00231,,U006,V-20260926-202,2026-09-26,09:45:00,Zapopan,Bucerías
,PQ00016,U006,V-20260926-202,2026-09-26,09:45:00,Zapopan,Bucerías
,PQ00193,U006,V-20260926-202,2026-09-26,09:45:00,Zapopan,Bucerías
P00233,,U012,V-20260913-203,2026-09-13,06:15:00,Bucerías,Nuevo Vallarta
,PQ00132,U012,V-20260913-203,2026-09-13,06:15:00,Bucerías,Nuevo Vallarta
P00234,,U019,V-20260915-204,2026-09-15,21:30:00,Bucerías,Nuevo Vallarta
,PQ00029,U019,V-20260915-204,2026-09-15,21:30:00,Bucerías,Nuevo Vallarta
,PQ00050,U019,V-20260915-204,2026-09-15,21:30:00,Bucerías,Nuevo Vallarta
P00235,,U001,V-20260908-205,2026-09-08,10:45:00,Guadalajara,Puerto Vallarta
,PQ00140,U001,V-20260908-205,2026-09-08,10:45:00,Guadalajara,Puerto Vallarta
P00237,,U009,V-20260912-206,2026-09-12,19:15:00,Guadalajara,Tepic
P00238,,U004,V-20260919-207,2026-09-19,07:45:00,Guadalajara,Tepic
P00291,,U004,V-20260919-207,2026-09-19,07:45:00,Guadalajara,Tepic
P00239,,U011,V-20260910-208,2026-09-10,16:00:00,Nuevo Vallarta,Zapopan
,PQ00145,U011,V-20260910-208,2026-09-10,16:00:00,Nuevo Vallarta,Zapopan
,PQ00173,U011,V-20260910-208,2026-09-10,16:00:00,Nuevo Vallarta,Zapopan
P00240,,U006,V-20260902-209,2026-09-02,21:15:00,Zapopan,Nuevo Vallarta
P00241,,U016,V-20260903-210,2026-09-03,16:30:00,Zapopan,Guadalajara
P00243,,U003,V-20260928-211,2026-09-28,14:45:00,Tepic,Guadalajara
P00244,,U003,V-20260927-212,2026-09-27,15:00:00,Nuevo Vallarta,Tepic
P00245,,U018,V-20260919-213,2026-09-19,10:15:00,Guadalajara,Nuevo Vallarta
,PQ00166,U018,V-20260919-213,2026-09-19,10:15:00,Guadalajara,Nuevo Vallarta
P00247,,U017,V-20260908-214,2026-09-08,14:15:00,Nuevo Vallarta,Tepic
,PQ00094,U017,V-20260908-214,2026-09-08,14:15:00,Nuevo Vallarta,Tepic
,PQ00121,U017,V-20260908-214,2026-09-08,14:15:00,Nuevo Vallarta,Tepic
P00249,,U017,V-20260901-215,2026-09-01,07:30:00,Zapopan,Nuevo Vallarta
P00469,,U010,V-20260929-216,2026-09-29,22:00:00,Bucerías,Guadalajara
P00346,,U010,V-20260929-216,2026-09-29,22:00:00,Bucerías,Guadalajara
P00250,,U010,V-20260929-216,2026-09-29,22:00:00,Bucerías,Guadalajara
,PQ00092,U010,V-20260929-216,2026-09-29,22:00:00,Bucerías,Guadalajara
P00366,,U006,V-20260921-217,2026-09-21,15:00:00,Tepic,Puerto Vallarta
P00253,,U006,V-20260921-217,2026-09-21,15:00:00,Tepic,Puerto Vallarta
P00254,,U009,V-20260907-218,2026-09-07,11:45:00,Bucerías,Guadalajara
P00255,,U010,V-20260923-219,2026-09-23,14:45:00,Zapopan,Puerto Vallarta
P00413,,U003,V-20260914-220,2026-09-14,06:15:00,Puerto Vallarta,Zapopan
P00256,,U003,V-20260914-220,2026-09-14,06:15:00,Puerto Vallarta,Zapopan
P00378,,U003,V-20260914-220,2026-09-14,06:15:00,Puerto Vallarta,Zapopan
P00326,,U003,V-20260914-220,2026-09-14,06:15:00,Puerto Vallarta,Zapopan
P00257,,U005,V-20260916-221,2026-09-16,15:30:00,Bucerías,Tepic
P00300,,U005,V-20260916-221,2026-09-16,15:30:00,Bucerías,Tepic
,PQ00198,U005,V-20260916-221,2026-09-16,15:30:00,Bucerías,Tepic
P00258,,U011,V-20260919-222,2026-09-19,19:00:00,Bucerías,Nuevo Vallarta
P00259,,U013,V-20260917-223,2026-09-17,18:15:00,Bucerías,Guadalajara
P00399,,U013,V-20260917-223,2026-09-17,18:15:00,Bucerías,Guadalajara
P00260,,U007,V-20260928-224,2026-09-28,10:45:00,Nuevo Vallarta,Zapopan
P00261,,U003,V-20260911-225,2026-09-11,21:45:00,Bucerías,Nuevo Vallarta
P00262,,U016,V-20260907-226,2026-09-07,20:30:00,Tepic,Guadalajara
P00264,,U009,V-20260909-227,2026-09-09,16:45:00,Bucerías,Guadalajara
P00266,,U012,V-20260923-228,2026-09-23,14:00:00,Zapopan,Tepic
P00267,,U020,V-20260910-229,2026-09-10,08:15:00,Tepic,Zapopan
P00284,,U012,V-20260901-230,2026-09-01,09:15:00,Bucerías,Puerto Vallarta
P00268,,U012,V-20260901-230,2026-09-01,09:15:00,Bucerías,Puerto Vallarta
P00269,,U005,V-20260921-231,2026-09-21,15:45:00,Bucerías,Tepic
P00331,,U011,V-20260916-232,2026-09-16,15:15:00,Puerto Vallarta,Nuevo Vallarta
P00394,,U011,V-20260916-232,2026-09-16,15:15:00,Puerto Vallarta,Nuevo Vallarta
P00270,,U011,V-20260916-232,2026-09-16,15:15:00,Puerto Vallarta,Nuevo Vallarta
P00271,,U011,V-20260915-233,2026-09-15,21:45:00,Zapopan,Tepic
P00273,,U004,V-20260906-234,2026-09-06,14:00:00,Nuevo Vallarta,Zapopan
P00275,,U019,V-20260911-235,2026-09-11,12:00:00,Tepic,Bucerías
P00424,,U013,V-20260904-236,2026-09-04,12:00:00,Nuevo Vallarta,Zapopan
P00276,,U013,V-20260904-236,2026-09-04,12:00:00,Nuevo Vallarta,Zapopan
P00277,,U011,V-20260916-237,2026-09-16,09:45:00,Puerto Vallarta,Zapopan
,PQ00158,U011,V-20260916-237,2026-09-16,09:45:00,Puerto Vallarta,Zapopan
P00278,,U002,V-20260925-238,2026-09-25,09:15:00,Tepic,Guadalajara
P00279,,U011,V-20260923-239,2026-09-23,19:30:00,Guadalajara,Bucerías
,PQ00080,U011,V-20260923-239,2026-09-23,19:30:00,Guadalajara,Bucerías
P00372,,U009,V-20260929-240,2026-09-29,20:15:00,Guadalajara,Zapopan
P00280,,U009,V-20260929-240,2026-09-29,20:15:00,Guadalajara,Zapopan
P00330,,U010,V-20260907-241,2026-09-07,14:15:00,Bucerías,Nuevo Vallarta
P00283,,U010,V-20260907-241,2026-09-07,14:15:00,Bucerías,Nuevo Vallarta
P00368,,U009,V-20260901-242,2026-09-01,08:45:00,Bucerías,Tepic
P00286,,U009,V-20260901-242,2026-09-01,08:45:00,Bucerías,Tepic
P00287,,U010,V-20260912-243,2026-09-12,14:00:00,Bucerías,Guadalajara
,PQ00137,U010,V-20260912-243,2026-09-12,14:00:00,Bucerías,Guadalajara
P00306,,U007,V-20260925-244,2026-09-25,22:30:00,Guadalajara,Zapopan
P00288,,U007,V-20260925-244,2026-09-25,22:30:00,Guadalajara,Zapopan
P00289,,U019,V-20260912-245,2026-09-12,12:00:00,Bucerías,Zapopan
P00290,,U011,V-20260928-246,2026-09-28,20:00:00,Zapopan,Guadalajara
P00292,,U014,V-20260909-247,2026-09-09,20:45:00,Zapopan,Nuevo Vallarta
P00382,,U002,V-20260923-248,2026-09-23,07:15:00,Bucerías,Puerto Vallarta
P00293,,U002,V-20260923-248,2026-09-23,07:15:00,Bucerías,Puerto Vallarta
P00294,,U006,V-20260917-249,2026-09-17,10:00:00,Zapopan,Puerto Vallarta
P00295,,U010,V-20260914-250,2026-09-14,05:30:00,Puerto Vallarta,Guadalajara
,PQ00128,U010,V-20260914-250,2026-09-14,05:30:00,Puerto Vallarta,Guadalajara
,PQ00177,U010,V-20260914-250,2026-09-14,05:30:00,Puerto Vallarta,Guadalajara
P00297,,U015,V-20260910-251,2026-09-10,22:45:00,Guadalajara,Zapopan
P00298,,U004,V-20260920-252,2026-09-20,10:45:00,Bucerías,Puerto Vallarta
P00299,,U010,V-20260915-253,2026-09-15,11:15:00,Bucerías,Zapopan
P00303,,U017,V-20260923-254,2026-09-23,07:45:00,Tepic,Nuevo Vallarta
P00304,,U008,V-20260927-255,2026-09-27,13:45:00,Tepic,Puerto Vallarta
P00305,,U019,V-20260901-256,2026-09-01,05:30:00,Bucerías,Guadalajara
P00309,,U015,V-20260908-257,2026-09-08,10:45:00,Guadalajara,Bucerías
P00310,,U004,V-20260904-258,2026-09-04,14:30:00,Zapopan,Nuevo Vallarta
P00312,,U015,V-20260903-259,2026-09-03,16:45:00,Nuevo Vallarta,Tepic
P00416,,U007,V-20260928-260,2026-09-28,12:00:00,Tepic,Zapopan
P00313,,U007,V-20260928-260,2026-09-28,12:00:00,Tepic,Zapopan
P00315,,U019,V-20260909-261,2026-09-09,06:15:00,Nuevo Vallarta,Guadalajara
P00428,,U019,V-20260909-261,2026-09-09,06:15:00,Nuevo Vallarta,Guadalajara
,PQ00089,U019,V-20260909-261,2026-09-09,06:15:00,Nuevo Vallarta,Guadalajara
P00402,,U015,V-20260904-262,2026-09-04,11:45:00,Bucerías,Tepic
P00316,,U015,V-20260904-262,2026-09-04,11:45:00,Bucerías,Tepic
,PQ00064,U015,V-20260904-262,2026-09-04,11:45:00,Bucerías,Tepic
,PQ00188,U015,V-20260904-262,2026-09-04,11:45:00,Bucerías,Tepic
P00317,,U005,V-20260919-263,2026-09-19,18:45:00,Nuevo Vallarta,Zapopan
P00318,,U001,V-20260905-264,2026-09-05,13:00:00,Zapopan,Guadalajara
P00406,,U001,V-20260905-264,2026-09-05,13:00:00,Zapopan,Guadalajara
P00321,,U003,V-20260904-265,2026-09-04,06:00:00,Zapopan,Puerto Vallarta
P00322,,U014,V-20260906-266,2026-09-06,17:45:00,Zapopan,Tepic
P00324,,U018,V-20260927-267,2026-09-27,16:00:00,Guadalajara,Tepic
P00325,,U008,V-20260905-268,2026-09-05,05:30:00,Tepic,Nuevo Vallarta
P00328,,U008,V-20260910-269,2026-09-10,19:30:00,Tepic,Bucerías
P00332,,U004,V-20260919-270,2026-09-19,18:00:00,Puerto Vallarta,Tepic
P00333,,U020,V-20260927-271,2026-09-27,06:15:00,Nuevo Vallarta,Puerto Vallarta
P00334,,U002,V-20260920-272,2026-09-20,21:30:00,Bucerías,Guadalajara
P00336,,U020,V-20260921-273,2026-09-21,15:15:00,Nuevo Vallarta,Bucerías
P00337,,U014,V-20260909-274,2026-09-09,13:00:00,Puerto Vallarta,Tepic
P00339,,U014,V-20260929-275,2026-09-29,20:00:00,Tepic,Nuevo Vallarta
P00340,,U011,V-20260905-276,2026-09-05,18:45:00,Zapopan,Nuevo Vallarta
P00341,,U008,V-20260924-277,2026-09-24,14:15:00,Puerto Vallarta,Bucerías
P00342,,U018,V-20260906-278,2026-09-06,09:45:00,Zapopan,Guadalajara
P00343,,U015,V-20260926-279,2026-09-26,07:15:00,Bucerías,Puerto Vallarta
P00344,,U003,V-20260909-280,2026-09-09,22:15:00,Puerto Vallarta,Nuevo Vallarta
P00347,,U001,V-20260924-281,2026-09-24,11:00:00,Guadalajara,Tepic
P00438,,U001,V-20260924-281,2026-09-24,11:00:00,Guadalajara,Tepic
P00350,,U013,V-20260925-282,2026-09-25,22:30:00,Bucerías,Puerto Vallarta
,PQ00162,U013,V-20260925-282,2026-09-25,22:30:00,Bucerías,Puerto Vallarta
P00352,,U009,V-20260903-283,2026-09-03,21:45:00,Tepic,Bucerías
P00354,,U011,V-20260909-284,2026-09-09,16:30:00,Tepic,Nuevo Vallarta
,PQ00005,U011,V-20260909-284,2026-09-09,16:30:00,Tepic,Nuevo Vallarta
,PQ00117,U011,V-20260909-284,2026-09-09,16:30:00,Tepic,Nuevo Vallarta
P00356,,U001,V-20260918-285,2026-09-18,22:45:00,Zapopan,Bucerías
P00357,,U008,V-20260915-286,2026-09-15,22:30:00,Guadalajara,Zapopan
P00361,,U016,V-20260905-287,2026-09-05,10:30:00,Zapopan,Bucerías
P00362,,U018,V-20260908-288,2026-09-08,06:00:00,Puerto Vallarta,Zapopan
,PQ00109,U018,V-20260908-288,2026-09-08,06:00:00,Puerto Vallarta,Zapopan
P00364,,U014,V-20260918-289,2026-09-18,12:00:00,Bucerías,Zapopan
P00365,,U020,V-20260923-290,2026-09-23,20:45:00,Bucerías,Guadalajara
P00367,,U017,V-20260929-291,2026-09-29,13:30:00,Zapopan,Bucerías
P00369,,U006,V-20260907-292,2026-09-07,08:15:00,Tepic,Puerto Vallarta
,PQ00199,U006,V-20260907-292,2026-09-07,08:15:00,Tepic,Puerto Vallarta
P00370,,U009,V-20260919-293,2026-09-19,07:30:00,Zapopan,Guadalajara
,PQ00068,U009,V-20260919-293,2026-09-19,07:30:00,Zapopan,Guadalajara
P00373,,U010,V-20260921-294,2026-09-21,07:00:00,Zapopan,Guadalajara
,PQ00020,U010,V-20260921-294,2026-09-21,07:00:00,Zapopan,Guadalajara
P00374,,U001,V-20260906-295,2026-09-06,10:00:00,Bucerías,Guadalajara
,PQ00056,U001,V-20260906-295,2026-09-06,10:00:00,Bucerías,Guadalajara
P00375,,U004,V-20260904-296,2026-09-04,06:15:00,Puerto Vallarta,Zapopan
,PQ00108,U004,V-20260904-296,2026-09-04,06:15:00,Puerto Vallarta,Zapopan
P00376,,U009,V-20260908-297,2026-09-08,07:30:00,Bucerías,Puerto Vallarta
P00377,,U011,V-20260906-298,2026-09-06,11:15:00,Guadalajara,Zapopan
P00409,,U011,V-20260906-298,2026-09-06,11:15:00,Guadalajara,Zapopan
P00380,,U019,V-20260912-299,2026-09-12,22:30:00,Zapopan,Guadalajara
P00381,,U003,V-20260901-300,2026-09-01,16:00:00,Guadalajara,Bucerías
P00384,,U020,V-20260927-301,2026-09-27,17:30:00,Tepic,Guadalajara
P00386,,U008,V-20260903-302,2026-09-03,22:45:00,Tepic,Puerto Vallarta
P00389,,U020,V-20260902-303,2026-09-02,12:00:00,Zapopan,Guadalajara
P00390,,U005,V-20260925-304,2026-09-25,17:30:00,Nuevo Vallarta,Guadalajara
,PQ00052,U005,V-20260925-304,2026-09-25,17:30:00,Nuevo Vallarta,Guadalajara
P00392,,U012,V-20260903-305,2026-09-03,13:00:00,Nuevo Vallarta,Guadalajara
P00393,,U017,V-20260902-306,2026-09-02,08:00:00,Puerto Vallarta,Zapopan
P00480,,U011,V-20260911-307,2026-09-11,05:30:00,Guadalajara,Zapopan
P00395,,U011,V-20260911-307,2026-09-11,05:30:00,Guadalajara,Zapopan
P00397,,U008,V-20260912-308,2026-09-12,21:15:00,Nuevo Vallarta,Zapopan
P00401,,U005,V-20260921-309,2026-09-21,10:45:00,Puerto Vallarta,Bucerías
P00403,,U009,V-20260920-310,2026-09-20,20:15:00,Zapopan,Tepic
,PQ00192,U009,V-20260920-310,2026-09-20,20:15:00,Zapopan,Tepic
P00404,,U011,V-20260907-311,2026-09-07,17:30:00,Guadalajara,Zapopan
P00407,,U020,V-20260905-312,2026-09-05,14:30:00,Zapopan,Puerto Vallarta
P00408,,U013,V-20260902-313,2026-09-02,14:45:00,Zapopan,Puerto Vallarta
P00410,,U013,V-20260929-314,2026-09-29,08:15:00,Zapopan,Guadalajara
P00411,,U001,V-20260907-315,2026-09-07,19:15:00,Bucerías,Tepic
P00412,,U014,V-20260920-316,2026-09-20,20:15:00,Nuevo Vallarta,Tepic
P00414,,U014,V-20260927-317,2026-09-27,07:45:00,Tepic,Nuevo Vallarta
P00417,,U014,V-20260902-318,2026-09-02,06:30:00,Nuevo Vallarta,Puerto Vallarta
P00418,,U008,V-20260905-319,2026-09-05,16:15:00,Puerto Vallarta,Zapopan
P00419,,U013,V-20260919-320,2026-09-19,15:45:00,Puerto Vallarta,Bucerías
P00421,,U017,V-20260927-321,2026-09-27,12:45:00,Puerto Vallarta,Nuevo Vallarta
,PQ00073,U017,V-20260927-321,2026-09-27,12:45:00,Puerto Vallarta,Nuevo Vallarta
,PQ00134,U017,V-20260927-321,2026-09-27,12:45:00,Puerto Vallarta,Nuevo Vallarta
P00422,,U017,V-20260901-322,2026-09-01,16:00:00,Nuevo Vallarta,Puerto Vallarta
P00423,,U004,V-20260916-323,2026-09-16,09:30:00,Zapopan,Puerto Vallarta
P00425,,U012,V-20260908-324,2026-09-08,08:45:00,Zapopan,Puerto Vallarta
P00426,,U004,V-20260918-325,2026-09-18,15:00:00,Nuevo Vallarta,Bucerías
P00427,,U018,V-20260907-326,2026-09-07,15:45:00,Bucerías,Zapopan
P00430,,U014,V-20260922-327,2026-09-22,05:15:00,Bucerías,Zapopan
P00432,,U007,V-20260918-328,2026-09-18,07:00:00,Tepic,Nuevo Vallarta
P00433,,U009,V-20260915-329,2026-09-15,20:30:00,Guadalajara,Puerto Vallarta
P00434,,U012,V-20260904-330,2026-09-04,10:30:00,Tepic,Puerto Vallarta
P00435,,U008,V-20260922-331,2026-09-22,08:15:00,Tepic,Puerto Vallarta
P00437,,U005,V-20260927-332,2026-09-27,17:45:00,Tepic,Bucerías
P00436,,U005,V-20260927-332,2026-09-27,17:45:00,Tepic,Bucerías
P00460,,U005,V-20260927-332,2026-09-27,17:45:00,Tepic,Bucerías
P00441,,U006,V-20260913-333,2026-09-13,10:45:00,Tepic,Nuevo Vallarta
P00443,,U002,V-20260921-334,2026-09-21,05:45:00,Tepic,Bucerías
P00444,,U016,V-20260902-335,2026-09-02,20:45:00,Guadalajara,Nuevo Vallarta
P00445,,U008,V-20260909-336,2026-09-09,06:30:00,Tepic,Puerto Vallarta
P00446,,U016,V-20260910-337,2026-09-10,21:00:00,Bucerías,Tepic
P00448,,U012,V-20260901-338,2026-09-01,06:45:00,Nuevo Vallarta,Tepic
P00450,,U008,V-20260920-339,2026-09-20,06:45:00,Nuevo Vallarta,Zapopan
,PQ00136,U008,V-20260920-339,2026-09-20,06:45:00,Nuevo Vallarta,Zapopan
,PQ00168,U008,V-20260920-339,2026-09-20,06:45:00,Nuevo Vallarta,Zapopan
,PQ00170,U008,V-20260920-339,2026-09-20,06:45:00,Nuevo Vallarta,Zapopan
P00451,,U004,V-20260907-340,2026-09-07,12:15:00,Zapopan,Nuevo Vallarta
,PQ00028,U004,V-20260907-340,2026-09-07,12:15:00,Zapopan,Nuevo Vallarta
P00453,,U014,V-20260914-341,2026-09-14,09:15:00,Zapopan,Tepic
P00454,,U020,V-20260915-342,2026-09-15,10:30:00,Puerto Vallarta,Zapopan
P00478,,U004,V-20260922-343,2026-09-22,18:00:00,Guadalajara,Zapopan
P00455,,U004,V-20260922-343,2026-09-22,18:00:00,Guadalajara,Zapopan
P00458,,U008,V-20260910-344,2026-09-10,15:15:00,Guadalajara,Tepic
P00459,,U014,V-20260912-345,2026-09-12,19:00:00,Guadalajara,Puerto Vallarta
P00461,,U009,V-20260908-346,2026-09-08,16:45:00,Tepic,Guadalajara
P00463,,U003,V-20260911-347,2026-09-11,19:30:00,Nuevo Vallarta,Guadalajara
P00464,,U007,V-20260923-348,2026-09-23,13:30:00,Tepic,Zapopan
P00465,,U016,V-20260919-349,2026-09-19,06:00:00,Guadalajara,Bucerías
P00466,,U006,V-20260904-350,2026-09-04,19:00:00,Guadalajara,Nuevo Vallarta
P00467,,U010,V-20260910-351,2026-09-10,13:00:00,Bucerías,Zapopan
P00470,,U006,V-20260918-352,2026-09-18,17:30:00,Bucerías,Tepic
,PQ00104,U006,V-20260918-352,2026-09-18,17:30:00,Bucerías,Tepic
P00471,,U007,V-20260913-353,2026-09-13,07:15:00,Tepic,Puerto Vallarta
P00474,,U011,V-20260906-354,2026-09-06,18:15:00,Puerto Vallarta,Bucerías
P00475,,U004,V-20260910-355,2026-09-10,15:30:00,Puerto Vallarta,Zapopan
P00477,,U005,V-20260914-356,2026-09-14,09:00:00,Guadalajara,Nuevo Vallarta
,PQ00047,U005,V-20260914-356,2026-09-14,09:00:00,Guadalajara,Nuevo Vallarta
P00479,,U012,V-20260910-357,2026-09-10,11:15:00,Guadalajara,Bucerías
P00484,,U004,V-20260909-358,2026-09-09,08:45:00,Nuevo Vallarta,Bucerías
P00486,,U009,V-20260906-359,2026-09-06,07:15:00,Guadalajara,Puerto Vallarta
P00489,,U001,V-20260910-360,2026-09-10,14:15:00,Guadalajara,Nuevo Vallarta
P00490,,U002,V-20260908-361,2026-09-08,20:45:00,Tepic,Zapopan
P00491,,U001,V-20260905-362,2026-09-05,15:15:00,Guadalajara,Puerto Vallarta
,PQ00149,U001,V-20260905-362,2026-09-05,15:15:00,Guadalajara,Puerto Vallarta
P00492,,U006,V-20260905-363,2026-09-05,20:00:00,Nuevo Vallarta,Guadalajara
P00493,,U002,V-20260909-364,2026-09-09,21:30:00,Guadalajara,Puerto Vallarta
P00495,,U013,V-20260914-365,2026-09-14,22:15:00,Tepic,Bucerías
P00497,,U005,V-20260907-366,2026-09-07,15:45:00,Puerto Vallarta,Guadalajara
,PQ00194,U005,V-20260907-366,2026-09-07,15:45:00,Puerto Vallarta,Guadalajara
P00498,,U003,V-20260928-367,2026-09-28,18:15:00,Nuevo Vallarta,Tepic
P00500,,U020,V-20260901-368,2026-09-01,06:30:00,Zapopan,Tepic
,PQ00074,U020,V-20260901-368,2026-09-01,06:30:00,Zapopan,Tepic
,PQ00007,U004,V-20260920-369,2026-09-20,09:00:00,Bucerías,Tepic
,PQ00008,U017,V-20260922-370,2026-09-22,13:15:00,Tepic,Bucerías
,PQ00010,U009,V-20260902-371,2026-09-02,08:00:00,Tepic,Nuevo Vallarta
,PQ00072,U009,V-20260902-371,2026-09-02,08:00:00,Tepic,Nuevo Vallarta
,PQ00012,U003,V-20260917-372,2026-09-17,07:45:00,Bucerías,Tepic
,PQ00014,U019,V-20260922-373,2026-09-22,16:15:00,Tepic,Zapopan
,PQ00015,U004,V-20260917-374,2026-09-17,21:00:00,Puerto Vallarta,Guadalajara
,PQ00017,U002,V-20260907-375,2026-09-07,16:45:00,Puerto Vallarta,Nuevo Vallarta
,PQ00021,U002,V-20260906-376,2026-09-06,18:15:00,Bucerías,Nuevo Vallarta
,PQ00022,U011,V-20260925-377,2026-09-25,07:30:00,Bucerías,Nuevo Vallarta
,PQ00023,U006,V-20260927-378,2026-09-27,21:00:00,Nuevo Vallarta,Guadalajara
,PQ00025,U010,V-20260919-379,2026-09-19,14:30:00,Puerto Vallarta,Guadalajara
,PQ00027,U007,V-20260914-380,2026-09-14,14:15:00,Bucerías,Puerto Vallarta
,PQ00030,U007,V-20260911-381,2026-09-11,22:15:00,Zapopan,Bucerías
,PQ00031,U008,V-20260907-382,2026-09-07,16:00:00,Zapopan,Tepic
,PQ00087,U008,V-20260907-382,2026-09-07,16:00:00,Zapopan,Tepic
,PQ00032,U010,V-20260927-383,2026-09-27,11:15:00,Puerto Vallarta,Bucerías
,PQ00033,U005,V-20260928-384,2026-09-28,13:00:00,Guadalajara,Tepic
,PQ00034,U017,V-20260926-385,2026-09-26,16:45:00,Bucerías,Tepic
,PQ00035,U013,V-20260906-386,2026-09-06,06:45:00,Guadalajara,Bucerías
,PQ00036,U009,V-20260910-387,2026-09-10,17:30:00,Bucerías,Guadalajara
,PQ00039,U007,V-20260928-388,2026-09-28,08:15:00,Guadalajara,Bucerías
,PQ00041,U014,V-20260903-389,2026-09-03,22:30:00,Bucerías,Zapopan
,PQ00045,U004,V-20260915-390,2026-09-15,10:30:00,Bucerías,Puerto Vallarta
,PQ00046,U011,V-20260909-391,2026-09-09,07:15:00,Guadalajara,Zapopan
,PQ00049,U010,V-20260908-392,2026-09-08,10:00:00,Puerto Vallarta,Guadalajara
,PQ00051,U018,V-20260916-393,2026-09-16,08:45:00,Zapopan,Guadalajara
,PQ00053,U001,V-20260917-394,2026-09-17,12:15:00,Tepic,Guadalajara
,PQ00054,U003,V-20260918-395,2026-09-18,13:00:00,Zapopan,Tepic
,PQ00055,U015,V-20260924-396,2026-09-24,07:30:00,Nuevo Vallarta,Bucerías
,PQ00057,U006,V-20260912-397,2026-09-12,18:45:00,Bucerías,Nuevo Vallarta
,PQ00059,U006,V-20260926-398,2026-09-26,11:15:00,Zapopan,Guadalajara
,PQ00060,U002,V-20260924-399,2026-09-24,12:30:00,Nuevo Vallarta,Tepic
,PQ00061,U002,V-20260925-400,2026-09-25,13:45:00,Puerto Vallarta,Tepic
,PQ00062,U017,V-20260901-401,2026-09-01,22:00:00,Nuevo Vallarta,Bucerías
,PQ00065,U018,V-20260902-402,2026-09-02,16:30:00,Tepic,Zapopan
,PQ00066,U020,V-20260904-403,2026-09-04,05:30:00,Zapopan,Bucerías
,PQ00067,U012,V-20260919-404,2026-09-19,12:15:00,Zapopan,Nuevo Vallarta
,PQ00069,U018,V-20260904-405,2026-09-04,06:15:00,Bucerías,Nuevo Vallarta
,PQ00070,U012,V-20260918-406,2026-09-18,10:15:00,Bucerías,Guadalajara
,PQ00071,U012,V-20260905-407,2026-09-05,05:30:00,Bucerías,Zapopan
,PQ00116,U012,V-20260905-407,2026-09-05,05:30:00,Bucerías,Zapopan
,PQ00075,U007,V-20260901-408,2026-09-01,22:30:00,Guadalajara,Puerto Vallarta
,PQ00076,U008,V-20260915-409,2026-09-15,12:00:00,Nuevo Vallarta,Guadalajara
,PQ00077,U020,V-20260911-410,2026-09-11,09:30:00,Bucerías,Zapopan
,PQ00081,U011,V-20260913-411,2026-09-13,05:15:00,Bucerías,Guadalajara
,PQ00082,U004,V-20260918-412,2026-09-18,16:00:00,Tepic,Zapopan
,PQ00083,U019,V-20260904-413,2026-09-04,15:30:00,Guadalajara,Tepic
,PQ00085,U014,V-20260916-414,2026-09-16,20:30:00,Nuevo Vallarta,Zapopan
,PQ00091,U020,V-20260904-415,2026-09-04,12:15:00,Bucerías,Guadalajara
,PQ00093,U005,V-20260927-416,2026-09-27,05:45:00,Puerto Vallarta,Guadalajara
,PQ00095,U020,V-20260907-417,2026-09-07,08:45:00,Nuevo Vallarta,Zapopan
,PQ00096,U012,V-20260925-418,2026-09-25,10:00:00,Tepic,Zapopan
,PQ00097,U001,V-20260925-419,2026-09-25,11:15:00,Nuevo Vallarta,Puerto Vallarta
,PQ00099,U001,V-20260911-420,2026-09-11,17:45:00,Zapopan,Guadalajara
,PQ00100,U016,V-20260912-421,2026-09-12,16:45:00,Zapopan,Tepic
,PQ00101,U019,V-20260923-422,2026-09-23,12:15:00,Zapopan,Nuevo Vallarta
,PQ00156,U019,V-20260923-422,2026-09-23,12:15:00,Zapopan,Nuevo Vallarta
,PQ00102,U010,V-20260906-423,2026-09-06,15:30:00,Guadalajara,Tepic
,PQ00105,U013,V-20260913-424,2026-09-13,07:00:00,Guadalajara,Bucerías
,PQ00107,U016,V-20260901-425,2026-09-01,05:45:00,Tepic,Bucerías
,PQ00110,U006,V-20260921-426,2026-09-21,08:30:00,Guadalajara,Zapopan
,PQ00111,U018,V-20260924-427,2026-09-24,22:30:00,Tepic,Nuevo Vallarta
,PQ00112,U002,V-20260912-428,2026-09-12,22:45:00,Tepic,Guadalajara
,PQ00113,U003,V-20260925-429,2026-09-25,20:15:00,Puerto Vallarta,Zapopan
,PQ00114,U010,V-20260913-430,2026-09-13,20:00:00,Guadalajara,Zapopan
,PQ00118,U009,V-20260909-431,2026-09-09,22:45:00,Puerto Vallarta,Bucerías
,PQ00119,U006,V-20260923-432,2026-09-23,06:30:00,Puerto Vallarta,Tepic
,PQ00120,U009,V-20260907-433,2026-09-07,06:15:00,Tepic,Nuevo Vallarta
,PQ00124,U018,V-20260921-434,2026-09-21,12:00:00,Nuevo Vallarta,Guadalajara
,PQ00125,U018,V-20260921-435,2026-09-21,20:15:00,Guadalajara,Bucerías
,PQ00169,U018,V-20260921-435,2026-09-21,20:15:00,Guadalajara,Bucerías
,PQ00126,U002,V-20260929-436,2026-09-29,21:15:00,Tepic,Zapopan
,PQ00129,U006,V-20260901-437,2026-09-01,11:15:00,Zapopan,Puerto Vallarta
,PQ00130,U014,V-20260906-438,2026-09-06,09:30:00,Nuevo Vallarta,Bucerías
,PQ00131,U003,V-20260920-439,2026-09-20,17:45:00,Puerto Vallarta,Tepic
,PQ00133,U015,V-20260914-440,2026-09-14,21:45:00,Nuevo Vallarta,Zapopan
,PQ00135,U019,V-20260927-441,2026-09-27,08:00:00,Zapopan,Bucerías
,PQ00138,U018,V-20260911-442,2026-09-11,18:30:00,Puerto Vallarta,Guadalajara
,PQ00139,U016,V-20260903-443,2026-09-03,10:30:00,Nuevo Vallarta,Bucerías
,PQ00141,U013,V-20260913-444,2026-09-13,17:30:00,Guadalajara,Puerto Vallarta
,PQ00142,U009,V-20260920-445,2026-09-20,05:30:00,Guadalajara,Nuevo Vallarta
,PQ00144,U004,V-20260922-446,2026-09-22,09:30:00,Bucerías,Tepic
,PQ00146,U014,V-20260909-447,2026-09-09,07:15:00,Nuevo Vallarta,Puerto Vallarta
,PQ00147,U016,V-20260908-448,2026-09-08,21:30:00,Bucerías,Guadalajara
,PQ00151,U010,V-20260910-449,2026-09-10,21:45:00,Puerto Vallarta,Bucerías
,PQ00160,U019,V-20260904-450,2026-09-04,10:15:00,Bucerías,Zapopan
,PQ00161,U015,V-20260911-451,2026-09-11,16:15:00,Zapopan,Tepic
,PQ00164,U013,V-20260908-452,2026-09-08,08:00:00,Nuevo Vallarta,Zapopan
,PQ00167,U006,V-20260924-453,2026-09-24,22:30:00,Nuevo Vallarta,Zapopan
,PQ00172,U003,V-20260919-454,2026-09-19,05:45:00,Guadalajara,Zapopan
,PQ00174,U007,V-20260917-455,2026-09-17,12:15:00,Tepic,Bucerías
,PQ00176,U001,V-20260928-456,2026-09-28,09:15:00,Tepic,Puerto Vallarta
,PQ00178,U020,V-20260908-457,2026-09-08,13:45:00,Tepic,Puerto Vallarta
,PQ00179,U007,V-20260909-458,2026-09-09,14:45:00,Tepic,Guadalajara
,PQ00181,U012,V-20260928-459,2026-09-28,14:30:00,Zapopan,Tepic
,PQ00182,U009,V-20260903-460,2026-09-03,15:30:00,Guadalajara,Zapopan
,PQ00183,U010,V-20260922-461,2026-09-22,09:15:00,Bucerías,Guadalajara
,PQ00184,U020,V-20260928-462,2026-09-28,15:15:00,Zapopan,Bucerías
,PQ00189,U009,V-20260909-463,2026-09-09,17:45:00,Bucerías,Puerto Vallarta
,PQ00191,U007,V-20260917-464,2026-09-17,12:45:00,Guadalajara,Zapopan
