id_unidad,id_viaje,fecha_partida,hora_partida,id_chofer,fecha_llegada,hora_llegada,kms_recorridos,consumo_combustible
U019,V-20260902-001,2026-09-02,16:15:00,CH113,2026-09-02,18:51:05,215,69.15
U004,V-20260905-002,2026-09-05,10:45:00,CH105,2026-09-05,15:07:16,332,96.01
U017,V-20260902-003,2026-09-02,22:00:00,CH109,2026-09-03,00:27:08,209,57.35
U011,V-20260901-004,2026-09-01,14:45:00,CH104,2026-09-01,17:26:21,220,53.08
U009,V-20260905-005,2026-09-05,10:00:00,CH117,2026-09-05,14:16:40,340,90.26
U005,V-20260927-006,2026-09-27,10:00:00,CH112,2026-09-27,14:15:26,340,112.46
U010,V-20260929-007,2026-09-29,06:15:00,CH108,2026-09-29,09:53:35,325,104.74
U003,V-20260905-008,2026-09-05,22:15:00,CH125,2026-09-06,00:44:49,212,51.25
U017,V-20260913-009,2026-09-13,18:15:00,CH120,2026-09-13,21:57:24,320,83.6
U013,V-20260923-010,2026-09-23,16:45:00,CH122,2026-09-23,20:39:47,320,97.04
U001,V-20260902-011,2026-09-02,22:15:00,CH119,2026-09-03,02:27:51,330,106.96
U008,V-20260911-012,2026-09-11,06:30:00,CH103,2026-09-11,08:53:37,198,59.39
U018,V-20260928-013,2026-09-28,20:15:00,CH105,2026-09-28,23:55:24,320,99.12
U014,V-20260911-014,2026-09-11,18:45:00,CH112,2026-09-11,21:01:25,200,65.25
U004,V-20260921-015,2026-09-21,17:30:00,CH102,2026-09-21,21:33:52,320,99.12
U014,V-20260906-016,2026-09-06,13:45:00,CH106,2026-09-06,17:36:30,340,110.02
U018,V-20260923-017,2026-09-23,06:00:00,CH104,2026-09-23,08:17:00,203,50.52
U016,V-20260925-018,2026-09-25,11:45:00,CH116,2026-09-25,14:31:31,215,71.6
U015,V-20260916-019,2026-09-16,18:45:00,CH110,2026-09-16,23:07:02,340,104.25
U018,V-20260904-020,2026-09-04,15:00:00,CH102,2026-09-04,17:17:31,192,53.28
U006,V-20260909-021,2026-09-09,21:00:00,CH102,2026-09-09,23:59:08,227,73.66
U013,V-20260916-022,2026-09-16,12:00:00,CH104,2026-09-16,16:26:02,338,89.21
U011,V-20260913-023,2026-09-13,11:30:00,CH109,2026-09-13,14:13:19,215,68.1
U015,V-20260903-024,2026-09-03,07:00:00,CH111,2026-09-03,10:54:49,330,89.78
U018,V-20260911-025,2026-09-11,21:30:00,CH107,2026-09-11,23:53:35,213,52.5
U012,V-20260910-026,2026-09-10,10:45:00,CH110,2026-09-10,14:28:43,319,85.43
U017,V-20260905-027,2026-09-05,22:30:00,CH101,2026-09-06,01:18:30,215,53.04
U004,V-20260922-028,2026-09-22,22:15:00,CH124,2026-09-23,01:23:34,249,76.55
U009,V-20260920-029,2026-09-20,20:30:00,CH117,2026-09-21,00:41:21,320,91.21
U001,V-20260913-030,2026-09-13,09:30:00,CH111,2026-09-13,13:26:52,340,92.85
U001,V-20260903-031,2026-09-03,07:15:00,CH104,2026-09-03,11:29:10,320,92.94
U014,V-20260925-032,2026-09-25,06:30:00,CH105,2026-09-25,09:35:07,273,69.02
U012,V-20260904-033,2026-09-04,12:00:00,CH107,2026-09-04,15:06:50,270,66.49
U020,V-20260912-034,2026-09-12,09:15:00,CH124,2026-09-12,11:42:55,221,55.63
U001,V-20260923-035,2026-09-23,15:45:00,CH106,2026-09-23,19:55:37,330,83.65
U002,V-20260904-036,2026-09-04,12:15:00,CH116,2026-09-04,15:57:04,297,74.54
U008,V-20260926-037,2026-09-26,11:45:00,CH101,2026-09-26,15:05:03,264,85.62
U012,V-20260906-038,2026-09-06,21:45:00,CH121,2026-09-07,01:42:50,317,104.51
U009,V-20260910-039,2026-09-10,13:00:00,CH106,2026-09-10,15:27:56,207,60.62
U014,V-20260921-040,2026-09-21,21:00:00,CH120,2026-09-22,00:43:44,330,102.23
U014,V-20260908-041,2026-09-08,21:15:00,CH101,2026-09-09,00:36:03,273,65.96
U020,V-20260927-042,2026-09-27,08:30:00,CH111,2026-09-27,12:22:47,309,88.54
U010,V-20260918-043,2026-09-18,09:15:00,CH118,2026-09-18,11:46:48,215,62.23
U006,V-20260920-044,2026-09-20,14:45:00,CH120,2026-09-20,18:24:24,320,95.11
U019,V-20260902-045,2026-09-02,15:45:00,CH120,2026-09-02,19:20:21,293,89.98
U006,V-20260919-046,2026-09-19,07:30:00,CH122,2026-09-19,11:09:38,311,83.09
U008,V-20260915-047,2026-09-15,14:15:00,CH122,2026-09-15,16:50:25,200,65.46
U020,V-20260914-048,2026-09-14,07:45:00,CH125,2026-09-14,10:59:21,286,77.49
U013,V-20260909-049,2026-09-09,17:15:00,CH116,2026-09-09,19:47:02,215,71.51
U004,V-20260925-050,2026-09-25,18:15:00,CH125,2026-09-25,20:50:03,225,58.67
U018,V-20260926-051,2026-09-26,08:45:00,CH108,2026-09-26,11:13:14,215,56.56
U020,V-20260916-052,2026-09-16,19:45:00,CH111,2026-09-16,22:22:54,215,67.38
U015,V-20260915-053,2026-09-15,12:30:00,CH109,2026-09-15,16:18:16,313,95.22
U010,V-20260928-054,2026-09-28,13:30:00,CH108,2026-09-28,16:27:09,261,84.28
U013,V-20260916-055,2026-09-16,09:15:00,CH123,2026-09-16,11:39:47,196,57.7
U002,V-20260905-056,2026-09-05,18:45:00,CH107,2026-09-05,22:26:19,329,108.82
U019,V-20260911-057,2026-09-11,20:00:00,CH113,2026-09-11,23:23:49,270,77.86
U014,V-20260904-058,2026-09-04,22:15:00,CH118,2026-09-05,02:07:58,304,86.29
U011,V-20260920-059,2026-09-20,17:15:00,CH122,2026-09-20,20:37:02,299,71.58
U013,V-20260911-060,2026-09-11,05:00:00,CH119,2026-09-11,09:10:31,340,84.15
U009,V-20260907-061,2026-09-07,15:15:00,CH113,2026-09-07,19:30:18,340,86.88
U014,V-20260925-062,2026-09-25,07:45:00,CH109,2026-09-25,09:53:01,184,60.08
U008,V-20260926-063,2026-09-26,07:00:00,CH121,2026-09-26,09:05:43,187,57.73
U005,V-20260914-064,2026-09-14,09:45:00,CH108,2026-09-14,13:35:03,320,98.11
U012,V-20260911-065,2026-09-11,08:15:00,CH106,2026-09-11,11:37:48,259,85.46
U013,V-20260919-066,2026-09-19,11:00:00,CH113,2026-09-19,14:52:39,331,88.2
U010,V-20260919-067,2026-09-19,08:00:00,CH122,2026-09-19,10:24:35,200,52.72
U011,V-20260924-068,2026-09-24,18:45:00,CH101,2026-09-24,21:17:23,207,60.27
U015,V-20260926-069,2026-09-26,09:45:00,CH123,2026-09-26,12:21:57,225,54.11
U018,V-20260917-070,2026-09-17,20:45:00,CH125,2026-09-18,00:38:26,340,91.62
U008,V-20260901-071,2026-09-01,13:45:00,CH103,2026-09-01,17:27:35,320,86.87
U011,V-20260923-072,2026-09-23,20:30:00,CH101,2026-09-23,23:14:44,226,65.97
U009,V-20260904-073,2026-09-04,13:00:00,CH120,2026-09-04,16:29:48,312,100.56
U016,V-20260906-074,2026-09-06,12:45:00,CH118,2026-09-06,16:46:36,345,97.52
U010,V-20260917-075,2026-09-17,17:15:00,CH108,2026-09-17,20:17:12,258,74.94
U012,V-20260908-076,2026-09-08,22:30:00,CH114,2026-09-09,01:39:22,270,81.2
U004,V-20260923-077,2026-09-23,11:30:00,CH124,2026-09-23,13:56:16,210,50.71
U007,V-20260922-078,2026-09-22,20:30:00,CH107,2026-09-22,22:53:53,215,59.24
U004,V-20260909-079,2026-09-09,14:15:00,CH107,2026-09-09,16:49:27,200,66.29
U009,V-20260927-080,2026-09-27,06:30:00,CH102,2026-09-27,09:00:24,212,54.31
U001,V-20260912-081,2026-09-12,14:45:00,CH119,2026-09-12,18:27:02,302,93.75
U016,V-20260911-082,2026-09-11,07:45:00,CH104,2026-09-11,10:34:29,215,57.25
U005,V-20260921-083,2026-09-21,14:00:00,CH119,2026-09-21,17:09:54,243,62.03
U020,V-20260906-084,2026-09-06,21:45:00,CH108,2026-09-07,01:21:38,320,95.33
U014,V-20260914-085,2026-09-14,06:00:00,CH110,2026-09-14,08:45:40,233,70.23
U008,V-20260915-086,2026-09-15,22:00:00,CH106,2026-09-16,00:55:54,220,62.14
U010,V-20260923-087,2026-09-23,12:30:00,CH102,2026-09-23,15:26:44,252,71.09
U009,V-20260904-088,2026-09-04,11:45:00,CH121,2026-09-04,14:20:06,215,56.92
U005,V-20260905-089,2026-09-05,06:15:00,CH103,2026-09-05,09:19:26,258,64.68
U015,V-20260922-090,2026-09-22,19:30:00,CH104,2026-09-22,22:40:29,283,78.6
U003,V-20260911-091,2026-09-11,06:45:00,CH120,2026-09-11,09:52:01,262,86.44
U019,V-20260914-092,2026-09-14,05:30:00,CH119,2026-09-14,09:49:30,327,83.68
U015,V-20260910-093,2026-09-10,10:45:00,CH109,2026-09-10,14:40:17,342,82.15
U014,V-20260903-094,2026-09-03,15:00:00,CH111,2026-09-03,19:07:39,330,86.11
U013,V-20260920-095,2026-09-20,22:00:00,CH125,2026-09-21,00:37:13,200,60.55
U013,V-20260916-096,2026-09-16,05:45:00,CH117,2026-09-16,10:14:04,340,93.87
U016,V-20260926-097,2026-09-26,19:00:00,CH121,2026-09-26,21:56:11,232,73.48
U016,V-20260923-098,2026-09-23,05:15:00,CH104,2026-09-23,07:56:56,215,71.28
U008,V-20260916-099,2026-09-16,19:00:00,CH104,2026-09-16,21:17:10,200,55.59
U017,V-20260918-100,2026-09-18,13:45:00,CH123,2026-09-18,17:07:40,303,92.03
U013,V-20260914-101,2026-09-14,21:15:00,CH107,2026-09-14,23:44:20,197,49.9
U017,V-20260908-102,2026-09-08,05:30:00,CH109,2026-09-08,08:25:25,256,69.27
U005,V-20260906-103,2026-09-06,22:45:00,CH115,2026-09-07,03:00:02,340,86.84
U011,V-20260912-104,2026-09-12,12:45:00,CH107,2026-09-12,15:28:15,239,68.42
U016,V-20260904-105,2026-09-04,17:45:00,CH123,2026-09-04,21:46:00,349,92.27
U002,V-20260929-106,2026-09-29,21:30:00,CH105,2026-09-29,23:46:11,200,56.68
U015,V-20260927-107,2026-09-27,09:45:00,CH101,2026-09-27,11:59:00,200,64.73
U009,V-20260928-108,2026-09-28,17:00:00,CH111,2026-09-28,20:00:26,264,65.49
U011,V-20260919-109,2026-09-19,20:00:00,CH121,2026-09-20,00:26:44,338,89.96
U008,V-20260908-110,2026-09-08,07:45:00,CH124,2026-09-08,10:07:21,205,53.32
U006,V-20260919-111,2026-09-19,14:00:00,CH123,2026-09-19,16:23:29,191,62.27
U014,V-20260902-112,2026-09-02,12:45:00,CH105,2026-09-02,16:33:05,324,100.74
U020,V-20260926-113,2026-09-26,12:45:00,CH113,2026-09-26,16:53:52,320,90.06
U009,V-20260912-114,2026-09-12,05:45:00,CH122,2026-09-12,08:43:14,253,79.32
U012,V-20260901-115,2026-09-01,14:45:00,CH119,2026-09-01,17:11:36,200,59.48
U016,V-20260915-116,2026-09-15,12:45:00,CH104,2026-09-15,16:48:19,326,97.17
U001,V-20260924-117,2026-09-24,17:30:00,CH122,2026-09-24,19:40:47,182,47.61
U002,V-20260925-118,2026-09-25,20:30:00,CH120,2026-09-25,23:19:47,238,69.53
U020,V-20260913-119,2026-09-13,09:00:00,CH109,2026-09-13,13:00:51,340,100.87
U019,V-20260915-120,2026-09-15,09:00:00,CH112,2026-09-15,12:11:29,255,72.89
U018,V-20260925-121,2026-09-25,21:30:00,CH112,2026-09-26,00:18:55,222,55.64
U010,V-20260923-122,2026-09-23,15:00:00,CH124,2026-09-23,18:20:34,299,94.35
U013,V-20260929-123,2026-09-29,16:00:00,CH118,2026-09-29,19:44:10,281,77.12
U009,V-20260916-124,2026-09-16,17:30:00,CH119,2026-09-16,19:55:54,207,58.05
U018,V-20260906-125,2026-09-06,12:00:00,CH111,2026-09-06,15:54:53,342,83.59
U014,V-20260907-126,2026-09-07,09:00:00,CH104,2026-09-07,11:22:31,189,52.63
U018,V-20260921-127,2026-09-21,17:45:00,CH105,2026-09-21,20:58:16,274,70.41
U014,V-20260918-128,2026-09-18,09:45:00,CH119,2026-09-18,14:17:12,347,96.73
U009,V-20260927-129,2026-09-27,16:15:00,CH102,2026-09-27,19:50:15,293,89.24
U012,V-20260905-130,2026-09-05,16:00:00,CH118,2026-09-05,20:17:46,340,81.69
U015,V-20260907-131,2026-09-07,11:00:00,CH103,2026-09-07,14:41:11,320,97.2
U019,V-20260908-132,2026-09-08,07:15:00,CH107,2026-09-08,11:28:04,330,81.61
U005,V-20260909-133,2026-09-09,05:30:00,CH120,2026-09-09,07:54:58,217,59.48
U004,V-20260916-134,2026-09-16,05:15:00,CH122,2026-09-16,07:31:36,183,46.37
U001,V-20260904-135,2026-09-04,13:00:00,CH106,2026-09-04,16:56:51,340,93.63
U016,V-20260903-136,2026-09-03,16:00:00,CH115,2026-09-03,19:34:23,295,71.35
U017,V-20260924-137,2026-09-24,19:00:00,CH110,2026-09-24,22:40:03,330,82.16
U004,V-20260927-138,2026-09-27,19:00:00,CH116,2026-09-27,21:30:18,200,62.93
U020,V-20260905-139,2026-09-05,22:30:00,CH121,2026-09-06,01:34:49,277,76.17
U020,V-20260917-140,2026-09-17,08:00:00,CH114,2026-09-17,12:05:37,347,88.46
U007,V-20260917-141,2026-09-17,19:15:00,CH114,2026-09-17,22:48:31,285,80.41
U004,V-20260914-142,2026-09-14,18:30:00,CH111,2026-09-14,22:56:25,350,84.45
U016,V-20260906-143,2026-09-06,07:00:00,CH103,2026-09-06,09:29:29,203,52.14
U005,V-20260928-144,2026-09-28,06:30:00,CH118,2026-09-28,09:05:59,211,52.12
U014,V-20260917-145,2026-09-17,06:30:00,CH124,2026-09-17,09:00:35,200,64.01
U005,V-20260905-146,2026-09-05,20:15:00,CH122,2026-09-05,22:49:45,207,56.44
U009,V-20260916-147,2026-09-16,12:45:00,CH119,2026-09-16,16:21:15,323,81.11
U018,V-20260903-148,2026-09-03,13:00:00,CH101,2026-09-03,17:02:44,320,81.74
U012,V-20260914-149,2026-09-14,10:15:00,CH101,2026-09-14,14:04:04,324,105.08
U001,V-20260924-150,2026-09-24,21:15:00,CH103,2026-09-25,00:38:41,276,80.96
U011,V-20260901-151,2026-09-01,07:00:00,CH125,2026-09-01,11:23:41,340,90.87
U009,V-20260925-152,2026-09-25,18:45:00,CH115,2026-09-25,22:47:33,330,99.16
U004,V-20260901-153,2026-09-01,18:00:00,CH112,2026-09-01,21:59:30,340,91.6
U010,V-20260915-154,2026-09-15,12:45:00,CH102,2026-09-15,17:08:30,333,102.61
U005,V-20260918-155,2026-09-18,13:30:00,CH125,2026-09-18,16:55:28,263,73.12
U005,V-20260920-156,2026-09-20,22:15:00,CH113,2026-09-21,02:19:39,340,89.43
U013,V-20260925-157,2026-09-25,06:45:00,CH124,2026-09-25,10:46:46,330,106.68
U014,V-20260908-158,2026-09-08,17:45:00,CH119,2026-09-08,20:21:23,200,66.12
U020,V-20260909-159,2026-09-09,16:00:00,CH115,2026-09-09,19:45:51,330,100.24
U017,V-20260914-160,2026-09-14,17:30:00,CH103,2026-09-14,20:03:12,200,50.83
U004,V-20260903-161,2026-09-03,21:15:00,CH117,2026-09-03,23:55:42,215,51.81
U005,V-20260916-162,2026-09-16,08:15:00,CH108,2026-09-16,11:23:33,245,65.81
U003,V-20260925-163,2026-09-25,20:45:00,CH106,2026-09-26,00:30:00,324,91.56
U019,V-20260908-164,2026-09-08,15:30:00,CH121,2026-09-08,18:10:18,218,61.19
U009,V-20260903-165,2026-09-03,06:30:00,CH119,2026-09-03,10:33:35,309,86.94
U012,V-20260914-166,2026-09-14,07:00:00,CH110,2026-09-14,11:00:58,337,97.36
U002,V-20260917-167,2026-09-17,11:30:00,CH115,2026-09-17,15:33:59,334,105.0
U004,V-20260916-168,2026-09-16,07:15:00,CH111,2026-09-16,09:39:49,190,53.9
U017,V-20260911-169,2026-09-11,10:30:00,CH120,2026-09-11,14:06:17,320,92.35
U020,V-20260929-170,2026-09-29,15:00:00,CH102,2026-09-29,18:27:16,264,69.22
U020,V-20260918-171,2026-09-18,15:00:00,CH105,2026-09-18,19:00:07,340,82.92
U013,V-20260926-172,2026-09-26,07:30:00,CH105,2026-09-26,11:42:56,340,86.08
U017,V-20260922-173,2026-09-22,18:30:00,CH103,2026-09-22,20:47:14,184,57.21
U016,V-20260919-174,2026-09-19,12:15:00,CH107,2026-09-19,15:07:32,219,54.57
U018,V-20260908-175,2026-09-08,21:00:00,CH124,2026-09-08,23:41:08,215,54.85
U013,V-20260901-176,2026-09-01,10:15:00,CH105,2026-09-01,14:08:25,339,105.98
U014,V-20260926-177,2026-09-26,12:45:00,CH112,2026-09-26,16:59:18,336,86.19
U018,V-20260923-178,2026-09-23,14:45:00,CH108,2026-09-23,17:35:38,229,55.36
U015,V-20260907-179,2026-09-07,14:45:00,CH125,2026-09-07,18:27:53,308,74.05
U020,V-20260905-180,2026-09-05,13:00:00,CH105,2026-09-05,17:11:04,344,99.84
U017,V-20260919-181,2026-09-19,14:00:00,CH104,2026-09-19,16:43:06,215,52.61
U014,V-20260923-182,2026-09-23,12:45:00,CH103,2026-09-23,16:27:34,330,94.34
U012,V-20260926-183,2026-09-26,17:00:00,CH108,2026-09-26,19:33:07,200,59.13
U011,V-20260918-184,2026-09-18,09:00:00,CH105,2026-09-18,11:51:01,253,70.93
U016,V-20260920-185,2026-09-20,05:00:00,CH115,2026-09-20,07:20:01,184,45.98
U020,V-20260926-186,2026-09-26,18:00:00,CH117,2026-09-26,20:32:44,200,63.57
U020,V-20260915-187,2026-09-15,07:00:00,CH115,2026-09-15,10:39:24,307,101.66
U008,V-20260909-188,2026-09-09,09:30:00,CH123,2026-09-09,13:21:07,289,84.42
U006,V-20260922-189,2026-09-22,07:30:00,CH122,2026-09-22,09:42:21,197,53.93
U017,V-20260902-190,2026-09-02,05:45:00,CH118,2026-09-02,09:42:55,300,86.6
U001,V-20260922-191,2026-09-22,07:30:00,CH112,2026-09-22,09:49:32,200,53.28
U011,V-20260913-192,2026-09-13,06:30:00,CH105,2026-09-13,10:29:00,319,84.58
U015,V-20260913-193,2026-09-13,20:15:00,CH123,2026-09-14,00:43:36,340,86.48
U010,V-20260910-194,2026-09-10,06:15:00,CH107,2026-09-10,08:37:58,190,56.34
U018,V-20260916-195,2026-09-16,13:00:00,CH116,2026-09-16,15:45:40,215,62.71
U011,V-20260918-196,2026-09-18,08:30:00,CH109,2026-09-18,12:07:20,320,82.22
U013,V-20260918-197,2026-09-18,10:45:00,CH111,2026-09-18,13:25:13,215,54.34
U003,V-20260916-198,2026-09-16,18:00:00,CH124,2026-09-16,21:55:36,330,82.77
U011,V-20260907-199,2026-09-07,07:30:00,CH104,2026-09-07,11:46:48,340,96.18
U006,V-20260927-200,2026-09-27,19:30:00,CH123,2026-09-27,23:43:50,320,79.13
U014,V-20260926-201,2026-09-26,06:00:00,CH109,2026-09-26,10:04:09,330,91.27
U006,V-20260926-202,2026-09-26,09:45:00,CH101,2026-09-26,12:11:41,188,57.26
U012,V-20260913-203,2026-09-13,06:15:00,CH113,2026-09-13,09:33:21,295,85.6
U019,V-20260915-204,2026-09-15,21:30:00,CH105,2026-09-16,01:01:30,281,84.27
U001,V-20260908-205,2026-09-08,10:45:00,CH124,2026-09-08,14:50:02,330,89.82
U009,V-20260912-206,2026-09-12,19:15:00,CH123,2026-09-12,21:57:42,215,52.44
U004,V-20260919-207,2026-09-19,07:45:00,CH105,2026-09-19,10:10:47,215,60.84
U011,V-20260910-208,2026-09-10,16:00:00,CH122,2026-09-10,19:50:57,320,78.63
U006,V-20260902-209,2026-09-02,21:15:00,CH112,2026-09-02,23:36:00,211,53.41
U016,V-20260903-210,2026-09-03,16:30:00,CH101,2026-09-03,19:56:04,299,81.65
U003,V-20260928-211,2026-09-28,14:45:00,CH103,2026-09-28,17:20:38,215,54.81
U003,V-20260927-212,2026-09-27,15:00:00,CH105,2026-09-27,18:35:53,295,81.47
U018,V-20260919-213,2026-09-19,10:15:00,CH121,2026-09-19,14:22:08,340,84.12
U017,V-20260908-214,2026-09-08,14:15:00,CH105,2026-09-08,17:01:04,221,57.38
U017,V-20260901-215,2026-09-01,07:30:00,CH110,2026-09-01,10:13:15,230,62.82
U010,V-20260929-216,2026-09-29,22:00:00,CH120,2026-09-30,01:38:24,308,83.02
U006,V-20260921-217,2026-09-21,15:00:00,CH122,2026-09-21,17:27:12,187,45.19
U009,V-20260907-218,2026-09-07,11:45:00,CH121,2026-09-07,15:44:45,338,93.95
U010,V-20260923-219,2026-09-23,14:45:00,CH121,2026-09-23,18:25:30,320,83.73
U003,V-20260914-220,2026-09-14,06:15:00,CH123,2026-09-14,10:11:21,320,89.96
U005,V-20260916-221,2026-09-16,15:30:00,CH111,2026-09-16,19:09:51,282,81.87
U011,V-20260919-222,2026-09-19,19:00:00,CH108,2026-09-19,22:02:01,248,78.26
U013,V-20260917-223,2026-09-17,18:15:00,CH120,2026-09-17,20:46:22,220,53.39
U007,V-20260928-224,2026-09-28,10:45:00,CH125,2026-09-28,14:32:33,311,76.7
U003,V-20260911-225,2026-09-11,21:45:00,CH113,2026-09-12,00:49:50,241,70.4
U016,V-20260907-226,2026-09-07,20:30:00,CH120,2026-09-07,23:21:43,215,68.71
U009,V-20260909-227,2026-09-09,16:45:00,CH124,2026-09-09,20:21:26,273,89.18
U012,V-20260923-228,2026-09-23,14:00:00,CH118,2026-09-23,16:25:20,200,51.06
U020,V-20260910-229,2026-09-10,08:15:00,CH122,2026-09-10,10:43:18,200,50.58
U012,V-20260901-230,2026-09-01,09:15:00,CH125,2026-09-01,13:17:30,334,92.78
U005,V-20260921-231,2026-09-21,15:45:00,CH123,2026-09-21,19:33:41,312,83.7
U011,V-20260916-232,2026-09-16,15:15:00,CH120,2026-09-16,18:21:57,280,72.03
U011,V-20260915-233,2026-09-15,21:45:00,CH117,2026-09-16,00:15:56,200,50.27
U004,V-20260906-234,2026-09-06,14:00:00,CH114,2026-09-06,18:02:34,332,79.8
U019,V-20260911-235,2026-09-11,12:00:00,CH119,2026-09-11,16:00:07,329,90.66
U013,V-20260904-236,2026-09-04,12:00:00,CH105,2026-09-04,15:39:13,326,104.09
U011,V-20260916-237,2026-09-16,09:45:00,CH114,2026-09-16,13:41:34,320,81.43
U002,V-20260925-238,2026-09-25,09:15:00,CH123,2026-09-25,11:56:30,215,56.66
U011,V-20260923-239,2026-09-23,19:30:00,CH106,2026-09-23,23:28:18,319,81.25
U009,V-20260929-240,2026-09-29,20:15:00,CH120,2026-09-29,23:19:07,243,72.36
U010,V-20260907-241,2026-09-07,14:15:00,CH125,2026-09-07,18:04:27,305,89.22
U009,V-20260901-242,2026-09-01,08:45:00,CH110,2026-09-01,11:58:10,281,67.78
U010,V-20260912-243,2026-09-12,14:00:00,CH102,2026-09-12,17:00:57,268,70.77
U007,V-20260925-244,2026-09-25,22:30:00,CH107,2026-09-26,02:16:49,323,102.06
U019,V-20260912-245,2026-09-12,12:00:00,CH108,2026-09-12,16:01:07,315,96.05
U011,V-20260928-246,2026-09-28,20:00:00,CH123,2026-09-28,22:51:49,215,58.74
U014,V-20260909-247,2026-09-09,20:45:00,CH121,2026-09-10,01:11:10,346,83.24
U002,V-20260923-248,2026-09-23,07:15:00,CH125,2026-09-23,10:55:15,316,78.6
U006,V-20260917-249,2026-09-17,10:00:00,CH114,2026-09-17,13:41:08,320,99.27
U010,V-20260914-250,2026-09-14,05:30:00,CH102,2026-09-14,09:25:35,330,80.21
U015,V-20260910-251,2026-09-10,22:45:00,CH121,2026-09-11,01:11:17,214,60.08
U004,V-20260920-252,2026-09-20,10:45:00,CH111,2026-09-20,15:07:29,345,107.03
U010,V-20260915-253,2026-09-15,11:15:00,CH119,2026-09-15,15:04:30,336,82.42
U017,V-20260923-254,2026-09-23,07:45:00,CH111,2026-09-23,10:22:23,204,64.38
U008,V-20260927-255,2026-09-27,13:45:00,CH101,2026-09-27,16:41:15,240,72.28
U019,V-20260901-256,2026-09-01,05:30:00,CH124,2026-09-01,09:48:58,347,105.68
U015,V-20260908-257,2026-09-08,10:45:00,CH110,2026-09-08,14:12:59,308,75.76
U004,V-20260904-258,2026-09-04,14:30:00,CH121,2026-09-04,18:48:11,337,81.23
U015,V-20260903-259,2026-09-03,16:45:00,CH124,2026-09-03,20:21:28,320,81.87
U007,V-20260928-260,2026-09-28,12:00:00,CH125,2026-09-28,14:26:52,200,52.02
U019,V-20260909-261,2026-09-09,06:15:00,CH104,2026-09-09,10:20:38,340,106.33
U015,V-20260904-262,2026-09-04,11:45:00,CH104,2026-09-04,14:02:39,203,57.43
U005,V-20260919-263,2026-09-19,18:45:00,CH117,2026-09-19,23:01:14,324,91.14
U001,V-20260905-264,2026-09-05,13:00:00,CH113,2026-09-05,15:48:30,235,76.94
U003,V-20260904-265,2026-09-04,06:00:00,CH118,2026-09-04,10:14:23,320,91.67
U014,V-20260906-266,2026-09-06,17:45:00,CH112,2026-09-06,20:13:49,200,52.37
U018,V-20260927-267,2026-09-27,16:00:00,CH105,2026-09-27,18:23:30,215,61.93
U008,V-20260905-268,2026-09-05,05:30:00,CH101,2026-09-05,09:00:05,298,81.57
U008,V-20260910-269,2026-09-10,19:30:00,CH108,2026-09-10,22:16:02,219,53.09
U004,V-20260919-270,2026-09-19,18:00:00,CH102,2026-09-19,21:05:10,241,77.22
U020,V-20260927-271,2026-09-27,06:15:00,CH122,2026-09-27,08:36:25,191,58.21
U002,V-20260920-272,2026-09-20,21:30:00,CH105,2026-09-21,00:14:22,239,61.63
U020,V-20260921-273,2026-09-21,15:15:00,CH125,2026-09-21,18:09:56,257,61.44
U014,V-20260909-274,2026-09-09,13:00:00,CH110,2026-09-09,16:36:31,322,79.4
U014,V-20260929-275,2026-09-29,20:00:00,CH118,2026-09-29,23:00:25,268,70.42
U011,V-20260905-276,2026-09-05,18:45:00,CH123,2026-09-05,21:29:31,218,67.69
U008,V-20260924-277,2026-09-24,14:15:00,CH108,2026-09-24,17:36:31,298,81.09
U018,V-20260906-278,2026-09-06,09:45:00,CH117,2026-09-06,12:49:12,242,71.25
U015,V-20260926-279,2026-09-26,07:15:00,CH112,2026-09-26,09:41:31,193,50.68
U003,V-20260909-280,2026-09-09,22:15:00,CH107,2026-09-10,02:06:54,302,73.87
U001,V-20260924-281,2026-09-24,11:00:00,CH107,2026-09-24,13:25:24,215,56.07
U013,V-20260925-282,2026-09-25,22:30:00,CH108,2026-09-26,01:37:20,252,69.22
U009,V-20260903-283,2026-09-03,21:45:00,CH112,2026-09-04,01:39:34,299,71.57
U011,V-20260909-284,2026-09-09,16:30:00,CH107,2026-09-09,20:15:56,285,70.6
U001,V-20260918-285,2026-09-18,22:45:00,CH109,2026-09-19,02:02:57,255,75.09
U008,V-20260915-286,2026-09-15,22:30:00,CH116,2026-09-16,01:20:02,245,68.31
U016,V-20260905-287,2026-09-05,10:30:00,CH115,2026-09-05,13:23:32,223,61.0
U018,V-20260908-288,2026-09-08,06:00:00,CH121,2026-09-08,09:35:18,320,84.17
U014,V-20260918-289,2026-09-18,12:00:00,CH105,2026-09-18,14:54:04,218,60.44
U020,V-20260923-290,2026-09-23,20:45:00,CH121,2026-09-23,23:12:00,184,50.25
U017,V-20260929-291,2026-09-29,13:30:00,CH124,2026-09-29,15:43:45,184,47.95
U006,V-20260907-292,2026-09-07,08:15:00,CH104,2026-09-07,11:20:40,241,66.36
U009,V-20260919-293,2026-09-19,07:30:00,CH113,2026-09-19,10:57:21,283,85.97
U010,V-20260921-294,2026-09-21,07:00:00,CH122,2026-09-21,09:30:13,203,58.8
U001,V-20260906-295,2026-09-06,10:00:00,CH123,2026-09-06,13:30:04,307,81.35
U004,V-20260904-296,2026-09-04,06:15:00,CH117,2026-09-04,09:51:54,320,83.53
U009,V-20260908-297,2026-09-08,07:30:00,CH102,2026-09-08,11:19:21,319,104.95
U011,V-20260906-298,2026-09-06,11:15:00,CH101,2026-09-06,14:24:34,281,83.65
U019,V-20260912-299,2026-09-12,22:30:00,CH113,2026-09-13,01:43:12,278,87.75
U003,V-20260901-300,2026-09-01,16:00:00,CH117,2026-09-01,18:30:48,205,51.17
U020,V-20260927-301,2026-09-27,17:30:00,CH120,2026-09-27,20:02:38,215,54.56
U008,V-20260903-302,2026-09-03,22:45:00,CH112,2026-09-04,02:28:41,290,78.31
U020,V-20260902-303,2026-09-02,12:00:00,CH110,2026-09-02,14:32:37,201,58.16
U005,V-20260925-304,2026-09-25,17:30:00,CH124,2026-09-25,21:56:19,340,113.1
U012,V-20260903-305,2026-09-03,13:00:00,CH125,2026-09-03,17:27:19,340,96.67
U017,V-20260902-306,2026-09-02,08:00:00,CH114,2026-09-02,11:59:04,320,102.84
U011,V-20260911-307,2026-09-11,05:30:00,CH113,2026-09-11,09:01:35,285,91.89
U008,V-20260912-308,2026-09-12,21:15:00,CH119,2026-09-13,00:49:20,277,83.37
U005,V-20260921-309,2026-09-21,10:45:00,CH103,2026-09-21,13:49:27,250,69.81
U009,V-20260920-310,2026-09-20,20:15:00,CH108,2026-09-20,22:51:38,200,59.42
U011,V-20260907-311,2026-09-07,17:30:00,CH120,2026-09-07,21:08:56,292,73.39
U020,V-20260905-312,2026-09-05,14:30:00,CH105,2026-09-05,18:05:13,320,98.73
U013,V-20260902-313,2026-09-02,14:45:00,CH111,2026-09-02,18:26:22,320,94.37
U013,V-20260929-314,2026-09-29,08:15:00,CH112,2026-09-29,11:55:46,331,102.93
U001,V-20260907-315,2026-09-07,19:15:00,CH124,2026-09-07,22:36:27,292,73.04
U014,V-20260920-316,2026-09-20,20:15:00,CH122,2026-09-21,00:32:58,342,103.54
U014,V-20260927-317,2026-09-27,07:45:00,CH113,2026-09-27,11:48:05,333,95.66
U014,V-20260902-318,2026-09-02,06:30:00,CH118,2026-09-02,10:16:40,317,77.37
U008,V-20260905-319,2026-09-05,16:15:00,CH122,2026-09-05,20:03:03,320,87.05
U013,V-20260919-320,2026-09-19,15:45:00,CH125,2026-09-19,18:30:15,207,62.53
U017,V-20260927-321,2026-09-27,12:45:00,CH118,2026-09-27,16:09:02,275,70.03
U017,V-20260901-322,2026-09-01,16:00:00,CH105,2026-09-01,19:57:26,303,86.59
U004,V-20260916-323,2026-09-16,09:30:00,CH124,2026-09-16,13:29:33,320,81.2
U012,V-20260908-324,2026-09-08,08:45:00,CH116,2026-09-08,12:45:39,320,95.23
U004,V-20260918-325,2026-09-18,15:00:00,CH101,2026-09-18,17:29:44,222,57.09
U018,V-20260907-326,2026-09-07,15:45:00,CH106,2026-09-07,19:32:50,298,85.48
U014,V-20260922-327,2026-09-22,05:15:00,CH113,2026-09-22,08:46:00,295,85.1
U007,V-20260918-328,2026-09-18,07:00:00,CH109,2026-09-18,11:04:27,317,93.48
U009,V-20260915-329,2026-09-15,20:30:00,CH122,2026-09-16,00:34:57,330,95.07
U012,V-20260904-330,2026-09-04,10:30:00,CH115,2026-09-04,14:31:08,337,88.53
U008,V-20260922-331,2026-09-22,08:15:00,CH110,2026-09-22,11:28:12,275,76.11
U005,V-20260927-332,2026-09-27,17:45:00,CH119,2026-09-27,20:30:29,227,62.28
U006,V-20260913-333,2026-09-13,10:45:00,CH118,2026-09-13,14:01:52,253,74.91
U002,V-20260921-334,2026-09-21,05:45:00,CH112,2026-09-21,08:29:46,214,61.84
U016,V-20260902-335,2026-09-02,20:45:00,CH114,2026-09-03,00:52:46,340,109.71
U008,V-20260909-336,2026-09-09,06:30:00,CH110,2026-09-09,09:21:11,237,74.02
U016,V-20260910-337,2026-09-10,21:00:00,CH118,2026-09-11,01:14:58,326,82.95
U012,V-20260901-338,2026-09-01,06:45:00,CH118,2026-09-01,10:49:30,319,90.88
U008,V-20260920-339,2026-09-20,06:45:00,CH110,2026-09-20,09:49:43,247,62.06
U004,V-20260907-340,2026-09-07,12:15:00,CH125,2026-09-07,16:07:01,330,81.82
U014,V-20260914-341,2026-09-14,09:15:00,CH106,2026-09-14,11:32:48,200,54.29
U020,V-20260915-342,2026-09-15,10:30:00,CH118,2026-09-15,14:31:59,320,96.36
U004,V-20260922-343,2026-09-22,18:00:00,CH105,2026-09-22,20:50:26,250,79.31
U008,V-20260910-344,2026-09-10,15:15:00,CH105,2026-09-10,17:51:39,215,58.22
U014,V-20260912-345,2026-09-12,19:00:00,CH113,2026-09-12,22:47:47,330,84.13
U009,V-20260908-346,2026-09-08,16:45:00,CH123,2026-09-08,19:26:25,215,71.6
U003,V-20260911-347,2026-09-11,19:30:00,CH124,2026-09-11,23:24:39,340,97.78
U007,V-20260923-348,2026-09-23,13:30:00,CH116,2026-09-23,15:59:52,200,54.15
U016,V-20260919-349,2026-09-19,06:00:00,CH111,2026-09-19,08:25:44,205,51.2
U006,V-20260904-350,2026-09-04,19:00:00,CH115,2026-09-04,23:21:25,340,88.86
U010,V-20260910-351,2026-09-10,13:00:00,CH106,2026-09-10,17:18:56,347,111.98
U006,V-20260918-352,2026-09-18,17:30:00,CH102,2026-09-18,20:26:05,239,76.86
U007,V-20260913-353,2026-09-13,07:15:00,CH116,2026-09-13,11:28:20,331,86.74
U011,V-20260906-354,2026-09-06,18:15:00,CH104,2026-09-06,22:13:13,302,87.29
U004,V-20260910-355,2026-09-10,15:30:00,CH104,2026-09-10,19:39:09,320,81.46
U005,V-20260914-356,2026-09-14,09:00:00,CH121,2026-09-14,13:04:27,340,91.09
U012,V-20260910-357,2026-09-10,11:15:00,CH124,2026-09-10,14:37:59,285,80.72
U004,V-20260909-358,2026-09-09,08:45:00,CH105,2026-09-09,11:45:26,269,79.65
U009,V-20260906-359,2026-09-06,07:15:00,CH121,2026-09-06,11:10:40,330,85.37
U001,V-20260910-360,2026-09-10,14:15:00,CH122,2026-09-10,18:17:33,340,105.38
U002,V-20260908-361,2026-09-08,20:45:00,CH108,2026-09-08,23:17:38,200,53.11
U001,V-20260905-362,2026-09-05,15:15:00,CH112,2026-09-05,19:00:13,330,89.62
U006,V-20260905-363,2026-09-05,20:00:00,CH125,2026-09-06,00:03:24,340,112.71
U002,V-20260909-364,2026-09-09,21:30:00,CH113,2026-09-10,01:21:04,330,84.17
U013,V-20260914-365,2026-09-14,22:15:00,CH103,2026-09-15,01:32:29,251,81.1
U005,V-20260907-366,2026-09-07,15:45:00,CH118,2026-09-07,19:39:16,330,82.47
U003,V-20260928-367,2026-09-28,18:15:00,CH110,2026-09-28,20:42:57,194,47.21
U020,V-20260901-368,2026-09-01,06:30:00,CH120,2026-09-01,08:49:19,200,51.43
U004,V-20260920-369,2026-09-20,09:00:00,CH101,2026-09-20,11:40:49,221,64.69
U017,V-20260922-370,2026-09-22,13:15:00,CH124,2026-09-22,16:49:33,275,69.84
U009,V-20260902-371,2026-09-02,08:00:00,CH124,2026-09-02,11:02:32,265,79.67
U003,V-20260917-372,2026-09-17,07:45:00,CH109,2026-09-17,11:19:51,296,96.53
U019,V-20260922-373,2026-09-22,16:15:00,CH106,2026-09-22,18:33:34,200,49.1
U004,V-20260917-374,2026-09-17,21:00:00,CH108,2026-09-18,00:45:18,330,109.46
U002,V-20260907-375,2026-09-07,16:45:00,CH116,2026-09-07,19:33:22,218,52.5
U002,V-20260906-376,2026-09-06,18:15:00,CH118,2026-09-06,21:34:41,262,63.92
U011,V-20260925-377,2026-09-25,07:30:00,CH109,2026-09-25,10:02:40,210,51.44
U006,V-20260927-378,2026-09-27,21:00:00,CH108,2026-09-28,01:28:18,340,95.56
U010,V-20260919-379,2026-09-19,14:30:00,CH125,2026-09-19,18:27:42,330,109.65
U007,V-20260914-380,2026-09-14,14:15:00,CH110,2026-09-14,17:57:02,298,71.53
U007,V-20260911-381,2026-09-11,22:15:00,CH124,2026-09-12,01:09:10,218,62.43
U008,V-20260907-382,2026-09-07,16:00:00,CH118,2026-09-07,18:39:57,200,52.79
U010,V-20260927-383,2026-09-27,11:15:00,CH104,2026-09-27,14:44:01,287,93.43
U005,V-20260928-384,2026-09-28,13:00:00,CH123,2026-09-28,15:25:14,215,52.74
U017,V-20260926-385,2026-09-26,16:45:00,CH114,2026-09-26,19:09:03,201,55.73
U013,V-20260906-386,2026-09-06,06:45:00,CH103,2026-09-06,10:39:03,349,106.27
U009,V-20260910-387,2026-09-10,17:30:00,CH111,2026-09-10,20:41:27,261,79.57
U007,V-20260928-388,2026-09-28,08:15:00,CH105,2026-09-28,10:55:19,207,58.16
U014,V-20260903-389,2026-09-03,22:30:00,CH104,2026-09-04,01:20:56,233,65.52
U004,V-20260915-390,2026-09-15,10:30:00,CH103,2026-09-15,14:55:03,334,83.44
U011,V-20260909-391,2026-09-09,07:15:00,CH105,2026-09-09,10:35:52,271,88.6
U010,V-20260908-392,2026-09-08,10:00:00,CH109,2026-09-08,13:45:27,330,89.99
U018,V-20260916-393,2026-09-16,08:45:00,CH108,2026-09-16,11:06:58,206,65.03
U001,V-20260917-394,2026-09-17,12:15:00,CH102,2026-09-17,14:42:40,215,62.38
U003,V-20260918-395,2026-09-18,13:00:00,CH119,2026-09-18,15:13:23,200,61.78
U015,V-20260924-396,2026-09-24,07:30:00,CH105,2026-09-24,10:17:22,211,59.38
U006,V-20260912-397,2026-09-12,18:45:00,CH119,2026-09-12,22:49:09,307,80.37
U006,V-20260926-398,2026-09-26,11:15:00,CH112,2026-09-26,14:24:23,250,61.57
U002,V-20260924-399,2026-09-24,12:30:00,CH120,2026-09-24,16:16:54,307,83.86
U002,V-20260925-400,2026-09-25,13:45:00,CH103,2026-09-25,16:23:41,215,57.01
U017,V-20260901-401,2026-09-01,22:00:00,CH108,2026-09-02,01:11:37,277,80.74
U018,V-20260902-402,2026-09-02,16:30:00,CH116,2026-09-02,19:01:47,200,65.98
U020,V-20260904-403,2026-09-04,05:30:00,CH108,2026-09-04,07:43:35,194,54.4
U012,V-20260919-404,2026-09-19,12:15:00,CH125,2026-09-19,14:51:15,205,62.32
U018,V-20260904-405,2026-09-04,06:15:00,CH124,2026-09-04,09:58:43,327,82.64
U012,V-20260918-406,2026-09-18,10:15:00,CH106,2026-09-18,14:23:57,331,85.18
U012,V-20260905-407,2026-09-05,05:30:00,CH119,2026-09-05,09:23:39,325,88.42
U007,V-20260901-408,2026-09-01,22:30:00,CH116,2026-09-02,02:30:25,330,106.17
U008,V-20260915-409,2026-09-15,12:00:00,CH120,2026-09-15,16:08:15,340,100.06
U020,V-20260911-410,2026-09-11,09:30:00,CH107,2026-09-11,12:02:03,225,56.07
U011,V-20260913-411,2026-09-13,05:15:00,CH102,2026-09-13,09:06:23,330,104.1
U004,V-20260918-412,2026-09-18,16:00:00,CH117,2026-09-18,18:20:14,200,52.71
U019,V-20260904-413,2026-09-04,15:30:00,CH104,2026-09-04,18:17:25,215,67.42
U014,V-20260916-414,2026-09-16,20:30:00,CH121,2026-09-16,23:06:59,224,60.96
U020,V-20260904-415,2026-09-04,12:15:00,CH112,2026-09-04,15:43:02,276,72.13
U005,V-20260927-416,2026-09-27,05:45:00,CH106,2026-09-27,10:07:18,330,88.64
U020,V-20260907-417,2026-09-07,08:45:00,CH108,2026-09-07,11:27:03,216,69.83
U012,V-20260925-418,2026-09-25,10:00:00,CH111,2026-09-25,12:19:38,200,58.77
U001,V-20260925-419,2026-09-25,11:15:00,CH109,2026-09-25,13:42:16,197,49.94
U001,V-20260911-420,2026-09-11,17:45:00,CH102,2026-09-11,20:57:19,287,70.66
U016,V-20260912-421,2026-09-12,16:45:00,CH113,2026-09-12,19:02:14,200,50.68
U019,V-20260923-422,2026-09-23,12:15:00,CH121,2026-09-23,16:07:34,295,73.48
U010,V-20260906-423,2026-09-06,15:30:00,CH101,2026-09-06,18:19:29,215,67.1
U013,V-20260913-424,2026-09-13,07:00:00,CH106,2026-09-13,10:10:12,266,71.19
U016,V-20260901-425,2026-09-01,05:45:00,CH123,2026-09-01,10:13:43,347,85.31
U006,V-20260921-426,2026-09-21,08:30:00,CH102,2026-09-21,11:05:19,232,66.45
U018,V-20260924-427,2026-09-24,22:30:00,CH124,2026-09-25,02:54:19,349,106.24
U002,V-20260912-428,2026-09-12,22:45:00,CH113,2026-09-13,01:35:08,215,71.56
U003,V-20260925-429,2026-09-25,20:15:00,CH110,2026-09-26,00:29:41,320,99.84
U010,V-20260913-430,2026-09-13,20:00:00,CH103,2026-09-13,22:58:23,258,72.37
U009,V-20260909-431,2026-09-09,22:45:00,CH103,2026-09-10,01:34:03,227,65.65
U006,V-20260923-432,2026-09-23,06:30:00,CH115,2026-09-23,10:03:43,292,89.26
U009,V-20260907-433,2026-09-07,06:15:00,CH119,2026-09-07,10:49:41,350,92.06
U018,V-20260921-434,2026-09-21,12:00:00,CH114,2026-09-21,15:53:44,340,97.08
U018,V-20260921-435,2026-09-21,20:15:00,CH122,2026-09-22,00:02:13,301,86.65
U002,V-20260929-436,2026-09-29,21:15:00,CH117,2026-09-29,23:29:28,200,56.52
U006,V-20260901-437,2026-09-01,11:15:00,CH107,2026-09-01,15:11:00,320,76.45
U014,V-20260906-438,2026-09-06,09:30:00,CH107,2026-09-06,12:26:37,261,63.71
U003,V-20260920-439,2026-09-20,17:45:00,CH103,2026-09-20,21:46:04,321,96.35
U015,V-20260914-440,2026-09-14,21:45:00,CH101,2026-09-15,00:18:39,208,65.45
U019,V-20260927-441,2026-09-27,08:00:00,CH119,2026-09-27,11:44:14,324,82.17
U018,V-20260911-442,2026-09-11,18:30:00,CH112,2026-09-11,22:23:25,330,89.52
U016,V-20260903-443,2026-09-03,10:30:00,CH102,2026-09-03,14:10:04,283,75.86
U013,V-20260913-444,2026-09-13,17:30:00,CH102,2026-09-13,21:51:25,330,92.43
U009,V-20260920-445,2026-09-20,05:30:00,CH112,2026-09-20,09:46:04,340,84.76
U004,V-20260922-446,2026-09-22,09:30:00,CH108,2026-09-22,12:52:58,293,86.56
U014,V-20260909-447,2026-09-09,07:15:00,CH120,2026-09-09,10:59:53,293,73.46
U016,V-20260908-448,2026-09-08,21:30:00,CH125,2026-09-08,23:50:42,194,60.8
U010,V-20260910-449,2026-09-10,21:45:00,CH123,2026-09-11,00:13:05,214,58.97
U019,V-20260904-450,2026-09-04,10:15:00,CH101,2026-09-04,12:53:18,231,70.01
U015,V-20260911-451,2026-09-11,16:15:00,CH102,2026-09-11,18:44:01,200,56.23
U013,V-20260908-452,2026-09-08,08:00:00,CH121,2026-09-08,10:59:26,241,64.91
U006,V-20260924-453,2026-09-24,22:30:00,CH116,2026-09-25,01:57:36,268,65.79
U003,V-20260919-454,2026-09-19,05:45:00,CH110,2026-09-19,08:13:45,192,52.08
U007,V-20260917-455,2026-09-17,12:15:00,CH108,2026-09-17,15:10:31,248,68.59
U001,V-20260928-456,2026-09-28,09:15:00,CH116,2026-09-28,13:04:37,333,101.88
U020,V-20260908-457,2026-09-08,13:45:00,CH110,2026-09-08,16:53:40,276,77.73
U007,V-20260909-458,2026-09-09,14:45:00,CH115,2026-09-09,17:33:33,215,59.49
U012,V-20260928-459,2026-09-28,14:30:00,CH118,2026-09-28,16:55:56,200,58.76
U009,V-20260903-460,2026-09-03,15:30:00,CH121,2026-09-03,18:23:58,246,59.38
U010,V-20260922-461,2026-09-22,09:15:00,CH107,2026-09-22,11:28:40,194,48.95
U020,V-20260928-462,2026-09-28,15:15:00,CH113,2026-09-28,17:26:33,186,44.32
U009,V-20260909-463,2026-09-09,17:45:00,CH114,2026-09-09,20:00:24,189,45.07
U007,V-20260917-464,2026-09-17,12:45:00,CH111,2026-09-17,16:01:49,271,67.51
